timestamp,symbol,funding_zscore,oi_expansion_rate,taker_delta,pressure_score,squeeze_probability,flow_state,whale_activity,squeeze_risk,funding_warning,flow_adjustment,final_score
2026-05-15T08:28:08.381988+00:00,CLUSDT,0.8560898626490749,7.995006611379394,0.12718972156892952,83.05219037298664,20.0,WHALE ACCUMULATION,WHALE ACCUMULATION,LOW,,15,85
2026-05-15T08:28:08.967222+00:00,BZUSDT,0.9157170864121265,1.3039196228477652,0.23266214103155958,76.66215741939206,30.0,NEUTRAL FLOW,BUY PRESSURE,LOW,,0,70
2026-05-15T08:28:09.509163+00:00,XRPUSDT,-1.0770673620962974,-1.65106922716854,0.016380992602270054,53.45264639565658,10.0,NEUTRAL FLOW,NORMAL,LOW,,0,50
2026-05-15T08:28:09.989375+00:00,XAUUSDT,3.9313357434920113,3.4432928793403366,-0.0769894591110315,53.6398797990957,30.0,NEUTRAL FLOW,NORMAL,LOW,LONGS CROWDED,-10,30
2026-05-15T08:28:10.689692+00:00,ZECUSDT,-0.435003039675156,-0.3990889253328563,-0.048183329410576986,54.08064489420497,10.0,NEUTRAL FLOW,NORMAL,LOW,,0,35
2026-05-15T08:28:11.167458+00:00,SUIUSDT,1.0849149487145597,3.0417169992678206,0.08869998409783282,56.90258879863724,10.0,NEUTRAL FLOW,NORMAL,LOW,,0,30
2026-05-15T08:28:11.622791+00:00,TONUSDT,-0.816063295435725,-1.1151646829441662,0.014734527503758721,47.936083484895654,0.0,NEUTRAL FLOW,NORMAL,LOW,,0,30
2026-05-15T08:28:12.237559+00:00,PLAYUSDT,-2.3793773693978855,-3.712080990857982,0.06125102659117368,47.69564975607216,20.0,NEUTRAL FLOW,NORMAL,LOW,SHORTS CROWDED,5,35
2026-05-15T08:28:12.747313+00:00,TAOUSDT,0.9322225748878333,-1.412691504373545,0.06695847717388999,49.00507807067735,0.0,NEUTRAL FLOW,NORMAL,LOW,,0,30
2026-05-15T08:28:13.067590+00:00,BTCUSDT,-1.0550037860903652,-1.6015322489433472,-0.2600032711842195,38.00585475750961,20.0,NEUTRAL FLOW,NORMAL,LOW,,0,15
2026-05-15T08:28:13.387988+00:00,ETHUSDT,-0.7473776442435512,1.4204401351724454,-0.13205052802453693,46.92020339032227,0.0,NEUTRAL FLOW,NORMAL,LOW,,0,15
2026-05-15T08:28:13.710938+00:00,SOLUSDT,0.45617289018010154,1.0915000411328604,-0.13974374025292813,46.024355431967415,0.0,NEUTRAL FLOW,NORMAL,LOW,,0,15
2026-05-15T08:28:14.050114+00:00,XAGUSDT,5.960820849459137,2.5507434250554297,-0.1664715213377234,46.93172478168579,20.0,NEUTRAL FLOW,NORMAL,LOW,LONGS CROWDED,-10,5
2026-05-15T08:28:14.370240+00:00,HYPEUSDT,0.7934415681029785,1.1714479529558532,-0.08215842163298599,47.640927000923824,0.0,NEUTRAL FLOW,NORMAL,LOW,,0,15
2026-05-15T08:28:14.695458+00:00,DOGEUSDT,-1.9374838347561525,-0.2569573178384864,-0.1401900490798213,43.732557433028425,20.0,NEUTRAL FLOW,NORMAL,LOW,,0,15
2026-05-15T08:28:15.022973+00:00,LABUSDT,-0.5131585922487838,5.725312202437398,0.0025246723840893557,60.30436578756331,20.0,NEUTRAL FLOW,NORMAL,LOW,,0,15
2026-05-15T08:28:15.435178+00:00,AIGENSYNUSDT,-3.3562649082533516,9.174321236118878,0.0089495922962713,70.44328576142347,80.0,SHORT SQUEEZE RISK,BUY PRESSURE,HIGH SHORT SQUEEZE RISK,SHORTS CROWDED,13,28
2026-05-15T08:28:15.751386+00:00,BNBUSDT,-0.8934060970941015,1.7003472781655145,-0.2800133892358363,42.234047396320406,20.0,NEUTRAL FLOW,NORMAL,LOW,,0,15
2026-05-15T08:28:16.065473+00:00,BILLUSDT,-0.9092507907812745,5.079318102035092,-0.009520276371800567,59.348334742908044,20.0,NEUTRAL FLOW,NORMAL,LOW,,0,15
2026-05-15T08:28:16.377387+00:00,1000PEPEUSDT,-0.7328446201018364,-0.9954251021129293,-0.16314914471314576,41.86058166080173,0.0,NEUTRAL FLOW,NORMAL,LOW,,0,15
2026-05-15T08:28:16.697632+00:00,CRCLUSDT,-0.32243825375409974,-3.241737189960455,-0.11949327450003559,40.35387699795473,0.0,NEUTRAL FLOW,NORMAL,LOW,,0,15
2026-05-15T08:28:17.024731+00:00,MUUSDT,-0.31941030329885767,8.551506780502635,-0.2099611001695132,54.29435253180032,30.0,NEUTRAL FLOW,NORMAL,LOW,,0,15
2026-05-15T08:28:17.398653+00:00,ADAUSDT,-1.0629021887166206,0.11505528904653128,-0.27802689241375445,39.769498308498434,20.0,NEUTRAL FLOW,NORMAL,LOW,,0,15
2026-05-15T08:28:17.916006+00:00,INJUSDT,0.23039432355362088,-1.3471305464322905,-0.13280582213210615,43.05332262795008,0.0,NEUTRAL FLOW,NORMAL,LOW,,0,15
2026-05-15T08:28:18.450577+00:00,LINKUSDT,-1.6810852549833777,0.4528667719910365,-0.37356172857884823,36.99582650364474,20.0,NEUTRAL FLOW,SELL PRESSURE,LOW,,0,15
2026-05-15T08:28:18.891419+00:00,AVAXUSDT,-0.17831002068442436,-1.9770159198076027,-0.1451622603899061,41.25935256219743,0.0,NEUTRAL FLOW,NORMAL,LOW,,0,15
2026-05-15T08:28:19.391527+00:00,UBUSDT,-0.3408910103416417,-2.4968805573846296,0.005760931632692521,43.887682589321344,25.0,NEUTRAL FLOW,NORMAL,LOW,,0,15
2026-05-15T08:28:19.813983+00:00,SNDKUSDT,0.41688731118601235,-4.269880989656771,-0.017606735130063212,42.09462535495524,0.0,NEUTRAL FLOW,NORMAL,LOW,,0,0
2026-05-15T08:28:20.394777+00:00,MLNUSDT,-5.696029541177281,-19.62136396853327,-0.07818163744201678,27.996481279510864,55.0,NEUTRAL FLOW,SELL PRESSURE,MODERATE,SHORTS CROWDED,5,5
2026-05-15T08:28:21.039821+00:00,SIRENUSDT,-0.3781755513917425,-0.2769629033227118,-0.09756534361362201,45.03806130146602,25.0,NEUTRAL FLOW,NORMAL,LOW,SHORTS CROWDED,5,5
2026-05-15T08:29:52.627037+00:00,CLUSDT,0.8560898626490749,7.995006611379394,0.1282747470613183,83.31127179285843,20.0,WHALE ACCUMULATION,WHALE ACCUMULATION,LOW,,15,85
2026-05-15T08:29:53.188371+00:00,BZUSDT,0.9157170864121265,1.3039196228477652,0.21516261481316618,76.22335211830561,30.0,NEUTRAL FLOW,BUY PRESSURE,LOW,,0,70
2026-05-15T08:29:53.674998+00:00,XRPUSDT,-1.0770673620962974,-1.65106922716854,0.005947770734645141,53.718484596553516,10.0,NEUTRAL FLOW,NORMAL,LOW,,0,50
2026-05-15T08:29:54.241597+00:00,XAUUSDT,3.9313357434920113,3.4432928793403366,-0.06286817276647393,54.72964623449614,30.0,NEUTRAL FLOW,NORMAL,LOW,LONGS CROWDED,-10,30
2026-05-15T08:29:54.711787+00:00,ZECUSDT,-0.435003039675156,-0.3990889253328563,-0.02489713966476146,55.70471402405089,10.0,NEUTRAL FLOW,NORMAL,LOW,,0,35
2026-05-15T08:29:55.336607+00:00,LABUSDT,-0.5131585922487838,5.725312202437398,0.009285823890188274,60.8537077332013,20.0,NEUTRAL FLOW,NORMAL,LOW,,0,30
2026-05-15T08:29:56.626660+00:00,SUIUSDT,1.0849149487145597,3.0417169992678206,0.10003112643012728,57.19493066976452,10.0,NEUTRAL FLOW,NORMAL,LOW,,0,30
2026-05-15T08:29:57.134420+00:00,TONUSDT,-0.816063295435725,-1.1151646829441662,0.0781404580776503,50.43803581034783,0.0,NEUTRAL FLOW,NORMAL,LOW,,0,30
2026-05-15T08:29:57.625267+00:00,PLAYUSDT,-2.3793773693978855,-3.712080990857982,0.028187287132700026,45.54695646797517,20.0,NEUTRAL FLOW,NORMAL,LOW,SHORTS CROWDED,5,35
2026-05-15T08:29:59.654286+00:00,UBUSDT,-0.3408910103416417,-2.4968805573846296,0.010600832633761072,43.88054103626623,25.0,NEUTRAL FLOW,NORMAL,LOW,,0,30
2026-05-15T08:30:00.140757+00:00,BTCUSDT,-1.0550037860903652,-1.6015322489433472,-0.21663258824860135,39.52333296229494,20.0,NEUTRAL FLOW,NORMAL,LOW,,0,15
2026-05-15T08:30:00.637889+00:00,ETHUSDT,-0.7473776442435512,1.4204401351724454,-0.8878426449047918,21.04107664129956,20.0,NEUTRAL FLOW,SELL PRESSURE,LOW,,0,15
2026-05-15T08:30:01.287409+00:00,SOLUSDT,0.45617289018010154,1.0915000411328604,-0.11835735867279766,46.772878787271985,0.0,NEUTRAL FLOW,NORMAL,LOW,,0,15
2026-05-15T08:30:01.958185+00:00,XAGUSDT,5.960820849459137,2.5507434250554297,-0.4061108620120195,39.58666605895483,40.0,NEUTRAL FLOW,NORMAL,LOW,LONGS CROWDED,-10,5
2026-05-15T08:30:02.493189+00:00,HYPEUSDT,0.7934415681029785,1.1714479529558532,-0.4558055682052113,35.78651170003985,20.0,NEUTRAL FLOW,SELL PRESSURE,LOW,,0,15
2026-05-15T08:30:03.018730+00:00,DOGEUSDT,-1.9374838347561525,-0.2569573178384864,-0.378216846472243,36.41200373378358,20.0,NEUTRAL FLOW,SELL PRESSURE,LOW,,0,15
2026-05-15T08:30:03.813270+00:00,AIGENSYNUSDT,-3.3562649082533516,9.301881059540065,0.5703772405589048,84.00127650077287,75.0,SHORT SQUEEZE RISK,BUY PRESSURE,HIGH SHORT SQUEEZE RISK,SHORTS CROWDED,13,28
2026-05-15T08:30:04.373618+00:00,BNBUSDT,-0.8934060970941015,1.7003472781655145,-0.8347880299251871,23.33878551559136,20.0,NEUTRAL FLOW,SELL PRESSURE,LOW,,0,15
2026-05-15T08:30:05.046240+00:00,BILLUSDT,-0.9092507907812745,5.079318102035092,-0.21199060147562818,50.059939349086484,30.0,NEUTRAL FLOW,NORMAL,LOW,,0,15
2026-05-15T08:30:05.756371+00:00,1000PEPEUSDT,-0.7328446201018364,-0.9954251021129293,-0.15568792480331353,43.04286294633383,0.0,NEUTRAL FLOW,NORMAL,LOW,,0,15
2026-05-15T08:30:06.397873+00:00,CRCLUSDT,-0.32243825375409974,-1.6439411762360252,-0.4588545095457537,31.373475467002784,20.0,NEUTRAL FLOW,SELL PRESSURE,LOW,,0,15
2026-05-15T08:30:06.981921+00:00,MUUSDT,-0.31941030329885767,9.419250800000786,0.32625189681335365,75.59525878475837,30.0,WHALE ACCUMULATION,WHALE ACCUMULATION,LOW,,15,30
2026-05-15T08:30:07.451866+00:00,ADAUSDT,-1.0629021887166206,0.11505528904653128,-0.5567110678408639,30.61276112676785,20.0,NEUTRAL FLOW,SELL PRESSURE,LOW,,0,15
2026-05-15T08:30:08.053138+00:00,INJUSDT,0.23039432355362088,-1.3471305464322905,-0.8078880407124682,19.584387342462115,20.0,NEUTRAL FLOW,SELL PRESSURE,LOW,,0,15
2026-05-15T08:30:08.559226+00:00,LINKUSDT,-1.6810852549833777,0.4528667719910365,-0.8253434973006789,21.6758633170728,20.0,NEUTRAL FLOW,SELL PRESSURE,LOW,,0,15
2026-05-15T08:30:09.033821+00:00,AVAXUSDT,-0.17831002068442436,-1.9770159198076027,0.273371104815864,56.52053115508719,20.0,NEUTRAL FLOW,NORMAL,LOW,,0,15
2026-05-15T08:30:09.428903+00:00,TAOUSDT,0.9322225748878333,-0.5224168444820095,-0.6526911806825444,26.272210068945398,20.0,NEUTRAL FLOW,SELL PRESSURE,LOW,,0,15
2026-05-15T08:30:09.827369+00:00,SNDKUSDT,0.41688731118601235,-4.269880989656771,0.5566393958464442,63.448043433326426,20.0,NEUTRAL FLOW,BUY PRESSURE,LOW,,0,0
2026-05-15T08:30:10.594679+00:00,MLNUSDT,-5.696029541177281,-20.234304251591947,-0.8129521463539043,6.356981548495443,45.0,NEUTRAL FLOW,SELL PRESSURE,MODERATE,SHORTS CROWDED,5,5
2026-05-15T08:30:11.081005+00:00,SIRENUSDT,-0.3781755513917425,-0.2769629033227118,0.49097345132743364,67.00442915320727,45.0,NEUTRAL FLOW,BUY PRESSURE,MODERATE,SHORTS CROWDED,5,5
2026-05-15T08:30:28.091557+00:00,BZUSDT,0.9157170864121265,1.3039196228477652,0.48764999950698606,69.5594633085098,20.0,NEUTRAL FLOW,BUY PRESSURE,LOW,,0,25
2026-05-15T08:30:28.420138+00:00,LABUSDT,-0.5131585922487838,5.725312202437398,0.06833746764452114,60.42851982293274,10.0,NEUTRAL FLOW,NORMAL,LOW,,0,30
2026-05-15T08:30:28.753687+00:00,1000PEPEUSDT,-0.7328446201018364,-0.9954251021129293,0.08794812509582811,51.35624222867885,0.0,NEUTRAL FLOW,NORMAL,LOW,,0,30
2026-05-15T08:30:29.082754+00:00,PLAYUSDT,-2.3793773693978855,-3.712080990857982,0.033188304226715,45.9595013724826,20.0,NEUTRAL FLOW,NORMAL,LOW,SHORTS CROWDED,5,35
2026-05-15T08:30:29.396792+00:00,BTCUSDT,-1.0550037860903652,-0.4106559208052494,-0.5790512575612862,28.97932653953931,20.0,NEUTRAL FLOW,SELL PRESSURE,LOW,,0,15
2026-05-15T08:30:29.711763+00:00,ETHUSDT,-0.7473776442435512,1.4204401351724454,-0.3510327994607034,39.6793990392106,20.0,NEUTRAL FLOW,NORMAL,LOW,,0,15
2026-05-15T08:30:30.078747+00:00,SOLUSDT,0.45617289018010154,1.0915000411328604,-0.3279213011637487,39.96241944961795,20.0,NEUTRAL FLOW,NORMAL,LOW,,0,15
2026-05-15T08:30:30.408767+00:00,XAGUSDT,5.960820849459137,2.5507434250554297,-0.2026629333313787,46.37494775607822,40.0,NEUTRAL FLOW,NORMAL,LOW,LONGS CROWDED,-10,5
2026-05-15T08:30:30.867039+00:00,XRPUSDT,-1.0770673620962974,-1.65106922716854,0.4468251647585416,62.889239383134026,20.0,NEUTRAL FLOW,BUY PRESSURE,LOW,,0,15
2026-05-15T08:30:31.187200+00:00,XAUUSDT,3.9313357434920113,3.4432928793403366,-0.3569324580283105,42.489993874762334,50.0,NEUTRAL FLOW,NORMAL,MODERATE,LONGS CROWDED,-10,5
2026-05-15T08:30:31.506760+00:00,HYPEUSDT,0.7934415681029785,1.1714479529558532,-0.3142370056296517,40.61478765915069,20.0,NEUTRAL FLOW,NORMAL,LOW,,0,15
2026-05-15T08:30:31.837088+00:00,DOGEUSDT,-1.9374838347561525,-0.2569573178384864,-0.4244734554296219,34.442729049577345,20.0,NEUTRAL FLOW,SELL PRESSURE,LOW,,0,15
2026-05-15T08:30:32.149293+00:00,ZECUSDT,-0.435003039675156,-0.3990889253328563,-0.21546830221053964,41.562478730701116,20.0,NEUTRAL FLOW,NORMAL,LOW,,0,15
2026-05-15T08:30:32.467721+00:00,CLUSDT,0.8560898626490749,7.995006611379394,0.10172913151341603,65.99140752143349,10.0,NEUTRAL FLOW,BUY PRESSURE,LOW,,0,15
2026-05-15T08:30:32.802925+00:00,BNBUSDT,-0.8934060970941015,1.7003472781655145,-0.3850077096429843,38.891113239417635,20.0,NEUTRAL FLOW,NORMAL,LOW,,0,15
2026-05-15T08:30:33.134301+00:00,BILLUSDT,-0.9092507907812745,5.079318102035092,-0.11699003472360643,53.38495918540725,10.0,NEUTRAL FLOW,NORMAL,LOW,,0,15
2026-05-15T08:30:33.453826+00:00,SUIUSDT,1.0849149487145597,3.0417169992678206,-0.40759085357273156,39.65134035909122,30.0,NEUTRAL FLOW,NORMAL,LOW,,0,15
2026-05-15T08:30:33.799029+00:00,TONUSDT,-0.816063295435725,-1.1151646829441662,-0.8220785265496205,19.06477917665238,20.0,NEUTRAL FLOW,SELL PRESSURE,LOW,,0,15
2026-05-15T08:30:34.132664+00:00,CRCLUSDT,-0.32243825375409974,-1.6439411762360252,-0.47615491835921936,30.398709731878245,20.0,NEUTRAL FLOW,SELL PRESSURE,LOW,,0,15
2026-05-15T08:30:34.446163+00:00,MUUSDT,-0.31941030329885767,9.419250800000786,-0.5888665011011667,43.02967386625924,30.0,NEUTRAL FLOW,NORMAL,LOW,,0,15
2026-05-15T08:30:34.780745+00:00,ADAUSDT,-1.0629021887166206,0.11505528904653128,-0.3210897944895537,38.63470239694871,20.0,NEUTRAL FLOW,NORMAL,LOW,,0,15
2026-05-15T08:30:35.124421+00:00,INJUSDT,0.23039432355362088,-1.3471305464322905,-0.5004212148912907,30.226890833250263,20.0,NEUTRAL FLOW,SELL PRESSURE,LOW,,0,15
2026-05-15T08:30:35.439645+00:00,LINKUSDT,-1.6810852549833777,0.4528667719910365,-0.6194499278603811,28.707516594398232,20.0,NEUTRAL FLOW,SELL PRESSURE,LOW,,0,15
2026-05-15T08:30:35.773190+00:00,AVAXUSDT,-0.17831002068442436,-1.9770159198076027,-0.6876265182186235,22.721747081366825,20.0,NEUTRAL FLOW,SELL PRESSURE,LOW,,0,15
2026-05-15T08:30:36.092579+00:00,UBUSDT,-0.3408910103416417,-2.4968805573846296,-0.27700785383446536,37.12283494644306,20.0,NEUTRAL FLOW,SELL PRESSURE,LOW,,0,15
2026-05-15T08:30:36.412551+00:00,TAOUSDT,0.9322225748878333,-0.5224168444820095,-0.36067609189252225,36.3927648361536,20.0,NEUTRAL FLOW,SELL PRESSURE,LOW,,0,15
2026-05-15T08:30:36.771205+00:00,AIGENSYNUSDT,-3.3562649082533516,9.301881059540065,-0.06138214445164684,61.3781890739969,55.0,NEUTRAL FLOW,NORMAL,MODERATE,SHORTS CROWDED,5,5
2026-05-15T08:30:37.086460+00:00,SNDKUSDT,0.41688731118601235,-4.269880989656771,0.29690629868684626,54.03774999783492,20.0,NEUTRAL FLOW,NORMAL,LOW,,0,0
2026-05-15T08:30:37.407357+00:00,MLNUSDT,-5.696029541177281,-20.234304251591947,-0.6523266983954088,11.346561129983021,45.0,NEUTRAL FLOW,SELL PRESSURE,MODERATE,SHORTS CROWDED,5,5
2026-05-15T08:30:37.728640+00:00,SIRENUSDT,-0.3781755513917425,-0.2769629033227118,0.334101538670101,61.789015373887025,45.0,NEUTRAL FLOW,NORMAL,MODERATE,SHORTS CROWDED,5,5
2026-05-15T08:30:53.899281+00:00,CLUSDT,0.8560898626490749,7.995006611379394,0.05768954752592481,64.46994835466195,10.0,NEUTRAL FLOW,BUY PRESSURE,LOW,,0,40
2026-05-15T08:30:54.408153+00:00,BZUSDT,0.9157170864121265,1.3039196228477652,0.2610175304375354,61.493368418205606,20.0,NEUTRAL FLOW,NORMAL,LOW,,0,40
2026-05-15T08:30:54.886994+00:00,LABUSDT,-0.5131585922487838,5.725312202437398,0.11573044268304145,62.228747715654116,10.0,NEUTRAL FLOW,BUY PRESSURE,LOW,,0,30
2026-05-15T08:30:55.390046+00:00,BTCUSDT,-1.0550037860903652,-0.4106559208052494,-0.4890821569478701,31.955813490129945,20.0,NEUTRAL FLOW,SELL PRESSURE,LOW,,0,15
2026-05-15T08:30:55.824691+00:00,ETHUSDT,-0.7473776442435512,1.4204401351724454,-0.3817259837033681,38.42582112378437,20.0,NEUTRAL FLOW,NORMAL,LOW,,0,15
2026-05-15T08:30:56.158533+00:00,SOLUSDT,0.45617289018010154,1.0915000411328604,-0.15104975956050753,45.97729223119791,0.0,NEUTRAL FLOW,NORMAL,LOW,,0,15
2026-05-15T08:30:56.474802+00:00,XAGUSDT,5.960820849459137,2.5507434250554297,-0.25710877343559785,44.264792086769596,40.0,NEUTRAL FLOW,NORMAL,LOW,LONGS CROWDED,-10,5
2026-05-15T08:30:56.787869+00:00,XRPUSDT,-1.0770673620962974,-1.65106922716854,0.33838393471259315,58.88901817452924,20.0,NEUTRAL FLOW,NORMAL,LOW,,0,15
2026-05-15T08:30:57.367460+00:00,XAUUSDT,3.9313357434920113,3.4432928793403366,-0.24891176567413184,46.19314895776784,50.0,NEUTRAL FLOW,NORMAL,MODERATE,LONGS CROWDED,-10,5
2026-05-15T08:30:57.890199+00:00,HYPEUSDT,0.7934415681029785,1.1714479529558532,-0.4199027396438163,36.68070484879904,20.0,NEUTRAL FLOW,SELL PRESSURE,LOW,,0,15
2026-05-15T08:30:58.371628+00:00,DOGEUSDT,-1.9374838347561525,-0.2569573178384864,-0.4314267487662954,33.97167309184009,20.0,NEUTRAL FLOW,SELL PRESSURE,LOW,,0,15
2026-05-15T08:30:58.897027+00:00,ZECUSDT,-0.435003039675156,0.09108697081553488,-0.37599046522036933,36.69434173477619,20.0,NEUTRAL FLOW,SELL PRESSURE,LOW,,0,15
2026-05-15T08:30:59.460642+00:00,AIGENSYNUSDT,-3.3562649082533516,9.301881059540065,0.018717388605251354,64.9915619040489,55.0,NEUTRAL FLOW,BUY PRESSURE,MODERATE,SHORTS CROWDED,5,20
2026-05-15T08:31:00.016600+00:00,BNBUSDT,-0.8934060970941015,1.7003472781655145,-0.41812846429735884,37.60620544343476,20.0,NEUTRAL FLOW,SELL PRESSURE,LOW,,0,15
2026-05-15T08:31:00.698264+00:00,BILLUSDT,-0.9092507907812745,5.079318102035092,-0.08740811372799122,54.41161599823385,10.0,NEUTRAL FLOW,NORMAL,LOW,,0,15
2026-05-15T08:31:01.319445+00:00,SUIUSDT,1.0849149487145597,3.0417169992678206,-0.3515637953894018,41.612287395507764,30.0,NEUTRAL FLOW,NORMAL,LOW,,0,15
2026-05-15T08:31:01.991350+00:00,1000PEPEUSDT,-0.7328446201018364,-0.9954251021129293,-0.3074111859082323,37.35949799814143,20.0,NEUTRAL FLOW,SELL PRESSURE,LOW,,0,15
2026-05-15T08:31:02.546805+00:00,SNDKUSDT,0.41688731118601235,-4.269880989656771,0.09845050409364647,46.761991946511245,0.0,NEUTRAL FLOW,NORMAL,LOW,,0,15
2026-05-15T08:31:03.098805+00:00,TONUSDT,-0.816063295435725,-1.1151646829441662,-0.7791468654502802,20.43295289991897,20.0,NEUTRAL FLOW,SELL PRESSURE,LOW,,0,15
2026-05-15T08:31:03.601766+00:00,CRCLUSDT,-0.32243825375409974,-1.6439411762360252,-0.4278327538557547,32.03963302222862,20.0,NEUTRAL FLOW,SELL PRESSURE,LOW,,0,15
2026-05-15T08:31:04.147011+00:00,MUUSDT,-0.31941030329885767,9.419250800000786,-0.22147753236862136,55.57646492955382,30.0,NEUTRAL FLOW,NORMAL,LOW,,0,15
2026-05-15T08:31:04.459862+00:00,ADAUSDT,-1.0629021887166206,0.11505528904653128,-0.34211257770817655,37.89890498429691,20.0,NEUTRAL FLOW,SELL PRESSURE,LOW,,0,15
2026-05-15T08:31:04.777515+00:00,INJUSDT,0.23039432355362088,0.2585706497657477,-0.4876844775921303,32.52666317257031,20.0,NEUTRAL FLOW,SELL PRESSURE,LOW,,0,15
2026-05-15T08:31:05.097999+00:00,LINKUSDT,-1.6810852549833777,0.4528667719910365,-0.6513128598024539,27.53410675873069,20.0,NEUTRAL FLOW,SELL PRESSURE,LOW,,0,15
2026-05-15T08:31:05.431774+00:00,PLAYUSDT,-2.3793773693978855,-2.7165066510514246,-0.35500351062886115,32.62163984540978,20.0,NEUTRAL FLOW,SELL PRESSURE,LOW,SHORTS CROWDED,5,20
2026-05-15T08:31:05.752177+00:00,AVAXUSDT,-0.17831002068442436,-1.9770159198076027,-0.5999859001022243,25.707235081684114,20.0,NEUTRAL FLOW,SELL PRESSURE,LOW,,0,15
2026-05-15T08:31:06.201104+00:00,UBUSDT,-0.3408910103416417,-2.4968805573846296,-0.015535202286997977,46.32803781410215,0.0,NEUTRAL FLOW,NORMAL,LOW,,0,15
2026-05-15T08:31:06.722321+00:00,TAOUSDT,0.9322225748878333,-0.5224168444820095,-0.6463877989847265,26.239562632581237,20.0,NEUTRAL FLOW,SELL PRESSURE,LOW,,0,15
2026-05-15T08:31:07.213673+00:00,MLNUSDT,-5.696029541177281,-20.234304251591947,-0.5635333062444782,14.391098745559624,45.0,NEUTRAL FLOW,SELL PRESSURE,MODERATE,SHORTS CROWDED,5,5
2026-05-15T08:31:07.899426+00:00,SIRENUSDT,-0.3781755513917425,-0.2769629033227118,-0.10603968705162566,46.069668857985,25.0,NEUTRAL FLOW,NORMAL,LOW,SHORTS CROWDED,5,5
2026-05-15T08:35:11.378423+00:00,XAUUSDT,3.9313357434920113,4.60017998085119,0.020977380967038557,57.460933767503185,30.0,NEUTRAL FLOW,NORMAL,LOW,LONGS CROWDED,-10,45
2026-05-15T08:35:11.711712+00:00,SUIUSDT,1.0849149487145597,3.5646695037273184,-0.03078832730806633,54.77538854786762,10.0,NEUTRAL FLOW,NORMAL,LOW,,0,40
2026-05-15T08:35:12.030668+00:00,TAOUSDT,0.9322225748878333,-0.5224168444820095,-0.27839133771581326,39.292725900426944,20.0,NEUTRAL FLOW,NORMAL,LOW,,0,40
2026-05-15T08:35:12.339586+00:00,BTCUSDT,-1.0550037860903652,-0.4106559208052494,0.07304547254744109,52.11775997789015,0.0,NEUTRAL FLOW,NORMAL,LOW,,0,30
2026-05-15T08:35:12.643004+00:00,XRPUSDT,-1.0770673620962974,0.38368703606686927,0.18846372784612722,57.33558355431201,20.0,NEUTRAL FLOW,NORMAL,LOW,,0,30
2026-05-15T08:35:12.959852+00:00,DOGEUSDT,-1.9374838347561525,0.5363101576716509,0.057152686666000437,53.64551335949258,20.0,NEUTRAL FLOW,NORMAL,LOW,,0,30
2026-05-15T08:35:13.280935+00:00,LABUSDT,-0.5131585922487838,4.191086663787067,0.07259883486335769,56.32496707281446,35.0,NEUTRAL FLOW,NORMAL,LOW,,0,30
2026-05-15T08:35:13.876117+00:00,BILLUSDT,-0.9092507907812745,7.422139950649553,0.04981723132322625,65.60317511453061,35.0,NEUTRAL FLOW,BUY PRESSURE,LOW,,0,30
2026-05-15T08:35:14.272924+00:00,1000PEPEUSDT,-0.7328446201018364,0.6209818886136507,0.05867145307508998,53.20880417626079,0.0,NEUTRAL FLOW,NORMAL,LOW,,0,30
2026-05-15T08:35:14.618769+00:00,CRCLUSDT,-0.32243825375409974,-1.6439411762360252,0.06779319909106543,50.057907605645944,0.0,NEUTRAL FLOW,NORMAL,LOW,,0,30
2026-05-15T08:35:14.959607+00:00,MUUSDT,-0.31941030329885767,9.419250800000786,0.031443158109333284,63.842039342040934,10.0,NEUTRAL FLOW,BUY PRESSURE,LOW,,0,30
2026-05-15T08:35:15.285527+00:00,ADAUSDT,-1.0629021887166206,0.5839746304996988,0.05356738270406651,53.12549250225026,0.0,NEUTRAL FLOW,NORMAL,LOW,,0,30
2026-05-15T08:35:15.609159+00:00,INJUSDT,0.23039432355362088,0.2585706497657477,0.1385011100938548,54.680829567485915,0.0,NEUTRAL FLOW,NORMAL,LOW,,0,30
2026-05-15T08:35:15.934995+00:00,UBUSDT,-0.3408910103416417,-2.838713874862888,0.0778677797363563,49.83563309767055,0.0,NEUTRAL FLOW,NORMAL,LOW,,0,30
2026-05-15T08:35:16.262794+00:00,ETHUSDT,-0.7473776442435512,0.17608816863972276,-0.02314335796112385,49.61745249618001,0.0,NEUTRAL FLOW,NORMAL,LOW,,0,15
2026-05-15T08:35:16.620250+00:00,SOLUSDT,0.45617289018010154,2.296974359239849,-0.040849768365320956,52.21330471742372,0.0,NEUTRAL FLOW,NORMAL,LOW,,0,15
2026-05-15T08:35:16.981433+00:00,XAGUSDT,5.960820849459137,-5.569775586107572,-0.06637449032620742,39.117678193760426,20.0,NEUTRAL FLOW,NORMAL,LOW,LONGS CROWDED,-10,5
2026-05-15T08:35:17.308659+00:00,HYPEUSDT,0.7934415681029785,1.596203304005108,-0.01758543136145737,51.682755476193144,0.0,NEUTRAL FLOW,NORMAL,LOW,,0,15
2026-05-15T08:35:17.624813+00:00,ZECUSDT,-0.435003039675156,0.09108697081553488,-0.1563626726006476,44.39618934166301,0.0,NEUTRAL FLOW,NORMAL,LOW,,0,15
2026-05-15T08:35:17.940790+00:00,CLUSDT,0.8560898626490749,12.071626166459302,-0.13259481239874685,61.26611482443441,10.0,NEUTRAL FLOW,NORMAL,LOW,,0,15
2026-05-15T08:35:18.259220+00:00,BNBUSDT,-0.8934060970941015,2.18525235270559,-0.15059466714184433,48.328575693949084,0.0,NEUTRAL FLOW,NORMAL,LOW,,0,15
2026-05-15T08:35:18.584038+00:00,SNDKUSDT,0.41688731118601235,-3.788527808704341,0.055221109973803445,46.13807487380966,0.0,NEUTRAL FLOW,NORMAL,LOW,,0,15
2026-05-15T08:35:18.912977+00:00,TONUSDT,-0.816063295435725,1.3635603279840693,-0.36850927796827215,39.109105930169314,20.0,NEUTRAL FLOW,NORMAL,LOW,,0,15
2026-05-15T08:35:19.229302+00:00,BZUSDT,0.9157170864121265,2.3553813594072652,-0.07091911401324448,52.22976277943088,0.0,NEUTRAL FLOW,NORMAL,LOW,,0,15
2026-05-15T08:35:19.540879+00:00,LINKUSDT,-1.6810852549833777,0.7272224654831799,-0.3024187876314144,40.71960259600693,20.0,NEUTRAL FLOW,NORMAL,LOW,,0,15
2026-05-15T08:35:19.886828+00:00,PLAYUSDT,-2.3793773693978855,-2.7165066510514246,-0.13033652676521762,39.935935964385486,20.0,NEUTRAL FLOW,NORMAL,LOW,SHORTS CROWDED,5,20
2026-05-15T08:35:20.208344+00:00,AVAXUSDT,-0.17831002068442436,-1.5558411519525102,-0.3019109081004065,37.40660761514448,20.0,NEUTRAL FLOW,SELL PRESSURE,LOW,,0,15
2026-05-15T08:35:20.526412+00:00,AIGENSYNUSDT,-3.3562649082533516,9.301881059540065,-0.035980222409402095,60.050717556046656,65.0,NEUTRAL FLOW,NORMAL,MODERATE,SHORTS CROWDED,5,5
2026-05-15T08:35:20.842342+00:00,MLNUSDT,-5.696029541177281,-20.234304251591947,-0.24165453208229473,26.22593582858981,45.0,NEUTRAL FLOW,SELL PRESSURE,MODERATE,SHORTS CROWDED,5,5
2026-05-15T08:35:21.168388+00:00,SIRENUSDT,-0.3781755513917425,1.2371936249872606,-0.008306508689999912,53.72658749086674,25.0,NEUTRAL FLOW,NORMAL,LOW,SHORTS CROWDED,5,5
2026-05-15T08:37:34.478786+00:00,XAUUSDT,3.9313357434920113,4.60017998085119,0.03942064662499187,58.11214523469585,30.0,NEUTRAL FLOW,NORMAL,LOW,LONGS CROWDED,-10,45
2026-05-15T08:37:34.796451+00:00,SUIUSDT,1.0849149487145597,3.5646695037273184,-0.010219119924132264,56.1418117326265,10.0,NEUTRAL FLOW,NORMAL,LOW,,0,40
2026-05-15T08:37:35.114825+00:00,TAOUSDT,0.9322225748878333,-0.5224168444820095,-0.18584093674643756,42.7186068365145,20.0,NEUTRAL FLOW,NORMAL,LOW,,0,40
2026-05-15T08:37:35.440397+00:00,BTCUSDT,-1.0550037860903652,-0.4106559208052494,0.09466189522256055,52.993347339892544,0.0,NEUTRAL FLOW,NORMAL,LOW,,0,30
2026-05-15T08:37:35.920275+00:00,XRPUSDT,-1.0770673620962974,0.38368703606686927,0.1488316232303776,56.07132678695874,0.0,NEUTRAL FLOW,NORMAL,LOW,,0,30
2026-05-15T08:37:36.238274+00:00,DOGEUSDT,-1.9374838347561525,0.5363101576716509,0.03085295017389972,53.1944868020519,20.0,NEUTRAL FLOW,NORMAL,LOW,,0,30
2026-05-15T08:37:36.592072+00:00,LABUSDT,-0.5131585922487838,4.191086663787067,0.11694653406929532,58.057637557291486,20.0,NEUTRAL FLOW,NORMAL,LOW,,0,30
2026-05-15T08:37:36.966255+00:00,BILLUSDT,-0.9092507907812745,7.422139950649553,0.02437859118767449,64.38182667302833,20.0,NEUTRAL FLOW,BUY PRESSURE,LOW,,0,30
2026-05-15T08:37:37.421365+00:00,1000PEPEUSDT,-0.7328446201018364,0.6209818886136507,0.07748145552582567,54.1307768340975,0.0,NEUTRAL FLOW,NORMAL,LOW,,0,30
2026-05-15T08:37:37.747013+00:00,CRCLUSDT,-0.32243825375409974,-1.6439411762360252,0.31759675986027114,59.388477684061925,20.0,NEUTRAL FLOW,NORMAL,LOW,,0,30
2026-05-15T08:37:38.174040+00:00,ADAUSDT,-1.0629021887166206,0.5839746304996988,0.0786187544302611,54.22709380978206,0.0,NEUTRAL FLOW,NORMAL,LOW,,0,30
2026-05-15T08:37:38.612322+00:00,INJUSDT,0.23039432355362088,0.2585706497657477,0.19660626780980334,57.74441699980396,20.0,NEUTRAL FLOW,NORMAL,LOW,,0,30
2026-05-15T08:37:38.947705+00:00,UBUSDT,-0.3408910103416417,-2.838713874862888,0.07347183803189924,49.53868163535392,0.0,NEUTRAL FLOW,NORMAL,LOW,,0,30
2026-05-15T08:37:39.331496+00:00,ETHUSDT,-0.7473776442435512,0.17608816863972276,-0.033121116739446954,49.378306393887634,0.0,NEUTRAL FLOW,NORMAL,LOW,,0,15
2026-05-15T08:37:39.643752+00:00,SOLUSDT,0.45617289018010154,2.296974359239849,-0.0053068062845132245,53.72075515205221,0.0,NEUTRAL FLOW,NORMAL,LOW,,0,15
2026-05-15T08:37:39.969001+00:00,XAGUSDT,5.960820849459137,-5.569775586107572,-0.008447941892519647,41.375227562808085,20.0,NEUTRAL FLOW,NORMAL,LOW,LONGS CROWDED,-10,5
2026-05-15T08:37:40.285178+00:00,HYPEUSDT,0.7934415681029785,1.596203304005108,-0.12173467810855147,47.500472567039694,0.0,NEUTRAL FLOW,NORMAL,LOW,,0,15
2026-05-15T08:37:40.613319+00:00,ZECUSDT,-0.435003039675156,0.09108697081553488,-0.11248726673358557,46.102889496770295,0.0,NEUTRAL FLOW,NORMAL,LOW,,0,15
2026-05-15T08:37:40.930490+00:00,CLUSDT,0.8560898626490749,12.071626166459302,-0.15914012376208828,61.8588409647693,10.0,NEUTRAL FLOW,NORMAL,LOW,,0,15
2026-05-15T08:37:41.269728+00:00,BNBUSDT,-0.8934060970941015,2.18525235270559,-0.2201398523337958,46.090323344006244,20.0,NEUTRAL FLOW,NORMAL,LOW,,0,15
2026-05-15T08:37:41.592403+00:00,SNDKUSDT,0.41688731118601235,-3.788527808704341,0.027765547063423737,46.13748816318548,0.0,NEUTRAL FLOW,NORMAL,LOW,,0,15
2026-05-15T08:37:41.912930+00:00,TONUSDT,-0.816063295435725,1.3635603279840693,-0.18762743065075263,45.95850333066509,20.0,NEUTRAL FLOW,NORMAL,LOW,,0,15
2026-05-15T08:37:42.236672+00:00,MUUSDT,-0.31941030329885767,9.419250800000786,0.023474894154938846,64.00710126900893,10.0,NEUTRAL FLOW,BUY PRESSURE,LOW,,0,15
2026-05-15T08:37:42.555233+00:00,BZUSDT,0.9157170864121265,2.3553813594072652,-0.06700261806122407,53.81051657457562,0.0,NEUTRAL FLOW,NORMAL,LOW,,0,15
2026-05-15T08:37:43.016343+00:00,SIRENUSDT,-0.3781755513917425,1.2371936249872606,0.06848201107444699,57.08229336586075,40.0,NEUTRAL FLOW,NORMAL,LOW,SHORTS CROWDED,5,20
2026-05-15T08:37:43.344198+00:00,LINKUSDT,-1.6810852549833777,0.7272224654831799,-0.20242736911743736,44.49093592657275,20.0,NEUTRAL FLOW,NORMAL,LOW,,0,15
2026-05-15T08:37:43.659858+00:00,PLAYUSDT,-2.3793773693978855,-2.7165066510514246,-0.15267331338558757,37.525305094458766,30.0,NEUTRAL FLOW,SELL PRESSURE,LOW,SHORTS CROWDED,5,20
2026-05-15T08:37:43.978674+00:00,AVAXUSDT,-0.17831002068442436,-1.5558411519525102,-0.18556721827363382,41.746097273733106,20.0,NEUTRAL FLOW,NORMAL,LOW,,0,15
2026-05-15T08:37:44.299168+00:00,AIGENSYNUSDT,-3.3562649082533516,9.301881059540065,-0.03788146143552654,57.51188092500014,65.0,NEUTRAL FLOW,NORMAL,MODERATE,SHORTS CROWDED,5,5
2026-05-15T08:37:44.628286+00:00,MLNUSDT,-5.696029541177281,-20.234304251591947,-0.19814628375585497,27.43256897148534,45.0,NEUTRAL FLOW,SELL PRESSURE,MODERATE,SHORTS CROWDED,5,5
2026-05-15T08:39:04.587132+00:00,XAUUSDT,3.9313357434920113,4.60017998085119,0.042773251191744126,58.308808519050366,30.0,NEUTRAL FLOW,NORMAL,LOW,LONGS CROWDED,-10,45
2026-05-15T08:39:04.907272+00:00,SUIUSDT,1.0849149487145597,3.5646695037273184,0.0820458476821177,60.105034050407234,10.0,NEUTRAL FLOW,NORMAL,LOW,,0,55
2026-05-15T08:39:05.218759+00:00,PLAYUSDT,-2.3793773693978855,-2.7165066510514246,-0.2207195200331771,31.893321987162302,45.0,NEUTRAL FLOW,SELL PRESSURE,MODERATE,SHORTS CROWDED,5,45
2026-05-15T08:39:05.671397+00:00,TAOUSDT,0.9322225748878333,-0.5224168444820095,-0.20907227144503168,41.74555277735566,20.0,NEUTRAL FLOW,NORMAL,LOW,,0,40
2026-05-15T08:39:05.989219+00:00,BTCUSDT,-1.0550037860903652,-0.4106559208052494,0.09988814081980607,53.107939304684166,0.0,NEUTRAL FLOW,NORMAL,LOW,,0,30
2026-05-15T08:39:06.307460+00:00,XAGUSDT,5.960820849459137,-5.569775586107572,0.024509403469473046,43.16795735566832,20.0,NEUTRAL FLOW,NORMAL,LOW,LONGS CROWDED,-10,20
2026-05-15T08:39:06.625301+00:00,XRPUSDT,-1.0770673620962974,0.38368703606686927,0.11294567786407443,54.747059313472576,0.0,NEUTRAL FLOW,NORMAL,LOW,,0,30
2026-05-15T08:39:06.943784+00:00,DOGEUSDT,-1.9374838347561525,0.5363101576716509,0.017107529389038874,53.04495928023969,20.0,NEUTRAL FLOW,NORMAL,LOW,,0,30
2026-05-15T08:39:07.254325+00:00,LABUSDT,-0.5131585922487838,4.191086663787067,0.08760465591178272,56.96725254719745,20.0,NEUTRAL FLOW,NORMAL,LOW,,0,30
2026-05-15T08:39:07.571548+00:00,BILLUSDT,-0.9092507907812745,7.422139950649553,0.051128285362044903,66.2145307611019,20.0,NEUTRAL FLOW,BUY PRESSURE,LOW,,0,30
2026-05-15T08:39:07.891258+00:00,1000PEPEUSDT,-0.7328446201018364,0.6209818886136507,0.09348619718043062,54.666072738040675,0.0,NEUTRAL FLOW,NORMAL,LOW,,0,30
2026-05-15T08:39:08.209399+00:00,CRCLUSDT,-0.32243825375409974,-1.6439411762360252,0.2753411007205274,57.77525636811517,20.0,NEUTRAL FLOW,NORMAL,LOW,,0,30
2026-05-15T08:39:08.544631+00:00,MUUSDT,-0.31941030329885767,9.419250800000786,0.045489138259829615,64.8278085754305,10.0,NEUTRAL FLOW,BUY PRESSURE,LOW,,0,30
2026-05-15T08:39:08.856558+00:00,ADAUSDT,-1.0629021887166206,0.5839746304996988,0.04265169862393676,52.81837799181738,0.0,NEUTRAL FLOW,NORMAL,LOW,,0,30
2026-05-15T08:39:09.167639+00:00,INJUSDT,0.23039432355362088,0.2585706497657477,0.18400421892157434,57.50140431030437,20.0,NEUTRAL FLOW,NORMAL,LOW,,0,30
2026-05-15T08:39:09.480665+00:00,ETHUSDT,-0.7473776442435512,0.17608816863972276,-0.07567574066271561,47.771717459369526,0.0,NEUTRAL FLOW,NORMAL,LOW,,0,15
2026-05-15T08:39:09.792016+00:00,SOLUSDT,0.45617289018010154,2.296974359239849,-0.0518571182069711,51.98172475068277,0.0,NEUTRAL FLOW,NORMAL,LOW,,0,15
2026-05-15T08:39:10.103957+00:00,HYPEUSDT,0.7934415681029785,1.596203304005108,-0.1093563777021288,48.30048526770703,0.0,NEUTRAL FLOW,NORMAL,LOW,,0,15
2026-05-15T08:39:10.414796+00:00,ZECUSDT,-0.435003039675156,0.09108697081553488,-0.2176110671795275,42.09259073053945,20.0,NEUTRAL FLOW,NORMAL,LOW,,0,15
2026-05-15T08:39:10.749719+00:00,CLUSDT,0.8560898626490749,12.071626166459302,-0.1306614559346286,63.51480801425455,10.0,NEUTRAL FLOW,BUY PRESSURE,LOW,,0,15
2026-05-15T08:39:11.077010+00:00,BNBUSDT,-0.8934060970941015,2.18525235270559,-0.25880118562312765,44.646569170147714,20.0,NEUTRAL FLOW,NORMAL,LOW,,0,15
2026-05-15T08:39:11.390842+00:00,SNDKUSDT,0.41688731118601235,-3.788527808704341,0.018459848772863687,45.58949708510426,0.0,NEUTRAL FLOW,NORMAL,LOW,,0,15
2026-05-15T08:39:11.719754+00:00,TONUSDT,-0.816063295435725,1.3635603279840693,-0.12924029988276362,47.973245532856765,0.0,NEUTRAL FLOW,NORMAL,LOW,,0,15
2026-05-15T08:39:12.028757+00:00,BZUSDT,0.9157170864121265,2.3553813594072652,-0.0797246099319673,54.00426260266597,0.0,NEUTRAL FLOW,NORMAL,LOW,,0,15
2026-05-15T08:39:12.347538+00:00,SIRENUSDT,-0.3781755513917425,1.2371936249872606,0.048446372176048205,55.75223877313361,25.0,NEUTRAL FLOW,NORMAL,LOW,SHORTS CROWDED,5,20
2026-05-15T08:39:12.659847+00:00,LINKUSDT,-1.6810852549833777,0.7272224654831799,-0.09977564829272177,48.00613653184448,20.0,NEUTRAL FLOW,NORMAL,LOW,,0,15
2026-05-15T08:39:12.969002+00:00,AVAXUSDT,-0.17831002068442436,-1.5558411519525102,-0.1755794363896263,42.202595867962735,0.0,NEUTRAL FLOW,NORMAL,LOW,,0,15
2026-05-15T08:39:13.314690+00:00,UBUSDT,-0.3408910103416417,-2.838713874862888,-0.009965092219712512,45.08013392294557,0.0,NEUTRAL FLOW,NORMAL,LOW,,0,15
2026-05-15T08:39:13.649626+00:00,AIGENSYNUSDT,-3.3562649082533516,9.301881059540065,-0.03264925383709538,57.86551117474747,65.0,NEUTRAL FLOW,NORMAL,MODERATE,SHORTS CROWDED,5,5
2026-05-15T08:39:13.954114+00:00,MLNUSDT,-5.696029541177281,-20.234304251591947,-0.1921276040220138,27.32706721363991,45.0,NEUTRAL FLOW,SELL PRESSURE,MODERATE,SHORTS CROWDED,5,5
2026-05-15T08:39:25.454895+00:00,XAUUSDT,3.9313357434920113,4.60017998085119,0.052420711044087534,58.73543310160173,30.0,NEUTRAL FLOW,NORMAL,LOW,LONGS CROWDED,-10,45
2026-05-15T08:39:25.771771+00:00,SUIUSDT,1.0849149487145597,3.5646695037273184,0.08100635856695083,59.98917609782041,10.0,NEUTRAL FLOW,NORMAL,LOW,,0,55
2026-05-15T08:39:26.084546+00:00,PLAYUSDT,-2.3793773693978855,-2.7165066510514246,-0.21500192975867685,32.29631079863095,45.0,NEUTRAL FLOW,SELL PRESSURE,MODERATE,SHORTS CROWDED,5,45
2026-05-15T08:39:26.400961+00:00,TAOUSDT,0.9322225748878333,-0.5224168444820095,-0.12928034071281813,44.98589551195911,0.0,NEUTRAL FLOW,NORMAL,LOW,,0,40
2026-05-15T08:39:26.716755+00:00,BTCUSDT,-1.0550037860903652,-0.4106559208052494,0.1008942867398768,53.164522012888945,0.0,NEUTRAL FLOW,NORMAL,LOW,,0,30
2026-05-15T08:39:27.065125+00:00,XAGUSDT,5.960820849459137,-5.569775586107572,0.06287149654386687,44.71518187893306,20.0,NEUTRAL FLOW,NORMAL,LOW,LONGS CROWDED,-10,20
2026-05-15T08:39:27.405094+00:00,XRPUSDT,-1.0770673620962974,0.38368703606686927,0.1136852782243478,54.813900957481486,0.0,NEUTRAL FLOW,NORMAL,LOW,,0,30
2026-05-15T08:39:27.726711+00:00,DOGEUSDT,-1.9374838347561525,0.5363101576716509,0.017670892372493377,53.10769786724914,20.0,NEUTRAL FLOW,NORMAL,LOW,,0,30
2026-05-15T08:39:28.045406+00:00,LABUSDT,-0.5131585922487838,4.191086663787067,0.07900813086846431,56.12487113387373,35.0,NEUTRAL FLOW,NORMAL,LOW,,0,30
2026-05-15T08:39:28.364220+00:00,BILLUSDT,-0.9092507907812745,7.422139950649553,0.05089990412253046,66.99095130749797,35.0,NEUTRAL FLOW,BUY PRESSURE,LOW,,0,30
2026-05-15T08:39:28.687343+00:00,1000PEPEUSDT,-0.7328446201018364,0.6209818886136507,0.09585358029088759,54.783749222461864,0.0,NEUTRAL FLOW,NORMAL,LOW,,0,30
2026-05-15T08:39:29.008468+00:00,CRCLUSDT,-0.32243825375409974,-1.6439411762360252,0.28721026443576686,58.24102956541946,20.0,NEUTRAL FLOW,NORMAL,LOW,,0,30
2026-05-15T08:39:29.324822+00:00,MUUSDT,-0.31941030329885767,9.419250800000786,0.040232394325200774,64.61475430665249,10.0,NEUTRAL FLOW,BUY PRESSURE,LOW,,0,30
2026-05-15T08:39:29.637422+00:00,ADAUSDT,-1.0629021887166206,0.5839746304996988,0.041374232368039644,52.848601105232646,0.0,NEUTRAL FLOW,NORMAL,LOW,,0,30
2026-05-15T08:39:29.949232+00:00,INJUSDT,0.23039432355362088,0.2585706497657477,0.17936179504986646,57.3785312791123,0.0,NEUTRAL FLOW,NORMAL,LOW,,0,30
2026-05-15T08:39:30.264431+00:00,ETHUSDT,-0.7473776442435512,0.17608816863972276,-0.07665974975062624,47.74881730995663,0.0,NEUTRAL FLOW,NORMAL,LOW,,0,15
2026-05-15T08:39:30.589934+00:00,SOLUSDT,0.45617289018010154,2.296974359239849,-0.04407112360391817,52.29814235542298,0.0,NEUTRAL FLOW,NORMAL,LOW,,0,15
2026-05-15T08:39:30.908818+00:00,HYPEUSDT,0.7934415681029785,1.596203304005108,-0.11040458196999699,47.962520965182414,0.0,NEUTRAL FLOW,NORMAL,LOW,,0,15
2026-05-15T08:39:31.253741+00:00,ZECUSDT,-0.435003039675156,0.09108697081553488,-0.21577010726157428,42.26858581664184,20.0,NEUTRAL FLOW,NORMAL,LOW,,0,15
2026-05-15T08:39:31.566401+00:00,CLUSDT,0.8560898626490749,12.071626166459302,-0.12267216880028212,64.07786012456248,10.0,NEUTRAL FLOW,BUY PRESSURE,LOW,,0,15
2026-05-15T08:39:31.887610+00:00,BNBUSDT,-0.8934060970941015,2.18525235270559,-0.260433309297251,44.60113613300266,20.0,NEUTRAL FLOW,NORMAL,LOW,,0,15
2026-05-15T08:39:32.198712+00:00,SNDKUSDT,0.41688731118601235,-3.788527808704341,0.018449473259406872,45.67194847390426,0.0,NEUTRAL FLOW,NORMAL,LOW,,0,15
2026-05-15T08:39:32.510679+00:00,TONUSDT,-0.816063295435725,1.3635603279840693,-0.12869633149427798,48.00188688468309,0.0,NEUTRAL FLOW,NORMAL,LOW,,0,15
2026-05-15T08:39:32.822008+00:00,BZUSDT,0.9157170864121265,2.3553813594072652,-0.03889981771519609,56.07755159094447,0.0,NEUTRAL FLOW,NORMAL,LOW,,0,15
2026-05-15T08:39:33.141582+00:00,SIRENUSDT,-0.3781755513917425,1.2371936249872606,0.056065950616305336,56.09752492245304,25.0,NEUTRAL FLOW,NORMAL,LOW,SHORTS CROWDED,5,20
2026-05-15T08:39:33.494994+00:00,LINKUSDT,-1.6810852549833777,0.7272224654831799,-0.09928429795771986,48.062138605366194,20.0,NEUTRAL FLOW,NORMAL,LOW,,0,15
2026-05-15T08:39:33.921236+00:00,AVAXUSDT,-0.17831002068442436,-1.5558411519525102,-0.17273687828599799,42.3361983311648,0.0,NEUTRAL FLOW,NORMAL,LOW,,0,15
2026-05-15T08:39:34.369054+00:00,UBUSDT,-0.3408910103416417,-2.838713874862888,-0.028977801118149692,43.97646525960204,0.0,NEUTRAL FLOW,NORMAL,LOW,,0,15
2026-05-15T08:39:34.686829+00:00,AIGENSYNUSDT,-3.3562649082533516,9.301881059540065,-0.030989264613880088,57.96623654351055,65.0,NEUTRAL FLOW,NORMAL,MODERATE,SHORTS CROWDED,5,5
2026-05-15T08:39:35.018586+00:00,MLNUSDT,-5.696029541177281,-20.234304251591947,-0.19030920957585132,27.517173238667528,45.0,NEUTRAL FLOW,SELL PRESSURE,MODERATE,SHORTS CROWDED,5,5
2026-05-15T08:39:48.265577+00:00,SUIUSDT,1.0849149487145597,3.5646695037273184,0.08180664578235,60.05580495720732,10.0,NEUTRAL FLOW,NORMAL,LOW,,0,55
2026-05-15T08:39:48.656174+00:00,XAUUSDT,3.9313357434920113,4.60017998085119,-0.006573716137028558,56.59262075709004,30.0,NEUTRAL FLOW,NORMAL,LOW,LONGS CROWDED,-10,30
2026-05-15T08:39:49.015949+00:00,PLAYUSDT,-2.3793773693978855,-2.7165066510514246,-0.19825249156175573,33.94540783117438,45.0,NEUTRAL FLOW,SELL PRESSURE,MODERATE,SHORTS CROWDED,5,45
2026-05-15T08:39:49.386272+00:00,TAOUSDT,0.9322225748878333,-0.5224168444820095,-0.11072065288744036,45.866746787343246,0.0,NEUTRAL FLOW,NORMAL,LOW,,0,40
2026-05-15T08:39:49.750862+00:00,BTCUSDT,-1.0550037860903652,-0.4106559208052494,0.10534580658015089,53.32032520729854,0.0,NEUTRAL FLOW,NORMAL,LOW,,0,30
2026-05-15T08:39:50.117679+00:00,XAGUSDT,5.960820849459137,-5.569775586107572,0.05066735518564189,44.185761298564685,20.0,NEUTRAL FLOW,NORMAL,LOW,LONGS CROWDED,-10,20
2026-05-15T08:39:50.611779+00:00,XRPUSDT,-1.0770673620962974,0.38368703606686927,0.1361140030163626,55.61255820233511,0.0,NEUTRAL FLOW,NORMAL,LOW,,0,30
2026-05-15T08:39:50.980758+00:00,DOGEUSDT,-1.9374838347561525,0.5363101576716509,0.013785790968992599,52.970024816427774,20.0,NEUTRAL FLOW,NORMAL,LOW,,0,30
2026-05-15T08:39:51.364311+00:00,LABUSDT,-0.5131585922487838,4.191086663787067,0.08215203930577625,56.53249067913697,35.0,NEUTRAL FLOW,NORMAL,LOW,,0,30
2026-05-15T08:39:51.734934+00:00,BILLUSDT,-0.9092507907812745,7.422139950649553,0.06060986745790251,68.65560164722129,35.0,NEUTRAL FLOW,BUY PRESSURE,LOW,,0,30
2026-05-15T08:39:52.111123+00:00,1000PEPEUSDT,-0.7328446201018364,0.6209818886136507,0.09834814549322907,54.86608499375024,0.0,NEUTRAL FLOW,NORMAL,LOW,,0,30
2026-05-15T08:39:52.486253+00:00,CRCLUSDT,-0.32243825375409974,-1.6439411762360252,0.2787803452383595,57.87884577048235,20.0,NEUTRAL FLOW,NORMAL,LOW,,0,30
2026-05-15T08:39:52.849542+00:00,MUUSDT,-0.31941030329885767,9.419250800000786,0.04007118134541953,64.57475848837304,10.0,NEUTRAL FLOW,BUY PRESSURE,LOW,,0,30
2026-05-15T08:39:53.216548+00:00,ADAUSDT,-1.0629021887166206,0.5839746304996988,0.03495646502894568,52.549044815992694,0.0,NEUTRAL FLOW,NORMAL,LOW,,0,30
2026-05-15T08:39:53.578747+00:00,INJUSDT,0.23039432355362088,0.2585706497657477,0.18165642380471608,57.5380668941674,20.0,NEUTRAL FLOW,NORMAL,LOW,,0,30
2026-05-15T08:39:53.960917+00:00,ETHUSDT,-0.7473776442435512,0.17608816863972276,-0.07406454783004818,47.86450512506858,0.0,NEUTRAL FLOW,NORMAL,LOW,,0,15
2026-05-15T08:39:54.344965+00:00,SOLUSDT,0.45617289018010154,2.296974359239849,-0.014893161928378168,53.407186601333606,0.0,NEUTRAL FLOW,NORMAL,LOW,,0,15
2026-05-15T08:39:54.713721+00:00,HYPEUSDT,0.7934415681029785,1.596203304005108,-0.11535039893241576,47.745754015968885,0.0,NEUTRAL FLOW,NORMAL,LOW,,0,15
2026-05-15T08:39:55.081425+00:00,ZECUSDT,-0.435003039675156,0.09108697081553488,-0.1730332764624806,43.79412462500316,0.0,NEUTRAL FLOW,NORMAL,LOW,,0,15
2026-05-15T08:39:55.450093+00:00,CLUSDT,0.8560898626490749,12.071626166459302,-0.11568961740815888,64.49636556294129,10.0,NEUTRAL FLOW,BUY PRESSURE,LOW,,0,15
2026-05-15T08:39:55.834472+00:00,BNBUSDT,-0.8934060970941015,2.18525235270559,-0.25615414226958694,44.832746019115866,20.0,NEUTRAL FLOW,NORMAL,LOW,,0,15
2026-05-15T08:39:56.205169+00:00,SNDKUSDT,0.41688731118601235,-3.788527808704341,0.004357285559303627,44.71960976335441,0.0,NEUTRAL FLOW,NORMAL,LOW,,0,15
2026-05-15T08:39:56.577118+00:00,TONUSDT,-0.816063295435725,1.3635603279840693,-0.1291780859649365,48.06184514404449,0.0,NEUTRAL FLOW,NORMAL,LOW,,0,15
2026-05-15T08:39:57.050879+00:00,BZUSDT,0.9157170864121265,2.3553813594072652,-0.0550688883888984,55.8714661618757,0.0,NEUTRAL FLOW,NORMAL,LOW,,0,15
2026-05-15T08:39:57.419447+00:00,SIRENUSDT,-0.3781755513917425,1.2371936249872606,0.05836367965895957,56.17794543894594,25.0,NEUTRAL FLOW,NORMAL,LOW,SHORTS CROWDED,5,20
2026-05-15T08:39:57.916397+00:00,LINKUSDT,-1.6810852549833777,0.7272224654831799,-0.09754287653091376,48.14249076120276,20.0,NEUTRAL FLOW,NORMAL,LOW,,0,15
2026-05-15T08:39:58.777762+00:00,AVAXUSDT,-0.17831002068442436,-1.5558411519525102,-0.17053066728843572,42.4875017934637,0.0,NEUTRAL FLOW,NORMAL,LOW,,0,15
2026-05-15T08:39:59.204607+00:00,UBUSDT,-0.3408910103416417,-2.838713874862888,-0.04717424361326311,43.52739999451517,0.0,NEUTRAL FLOW,NORMAL,LOW,,0,15
2026-05-15T08:39:59.566259+00:00,AIGENSYNUSDT,-3.3562649082533516,9.301881059540065,-0.027548352980715174,58.47030016422631,65.0,NEUTRAL FLOW,NORMAL,MODERATE,SHORTS CROWDED,5,5
2026-05-15T08:39:59.941180+00:00,MLNUSDT,-5.696029541177281,-20.234304251591947,-0.1833910170249431,27.759309977949318,45.0,NEUTRAL FLOW,SELL PRESSURE,MODERATE,SHORTS CROWDED,5,5
2026-05-15T08:40:19.716621+00:00,SUIUSDT,1.0849149487145597,3.5646695037273184,0.08232220554139602,60.08067339545469,10.0,NEUTRAL FLOW,NORMAL,LOW,,0,55
2026-05-15T08:40:20.032867+00:00,XAUUSDT,3.9313357434920113,4.60017998085119,0.0012114305750350377,57.03784844903061,30.0,NEUTRAL FLOW,NORMAL,LOW,LONGS CROWDED,-10,30
2026-05-15T08:40:20.348652+00:00,PLAYUSDT,-2.3793773693978855,-2.7165066510514246,-0.18513773519518115,34.60780184782251,45.0,NEUTRAL FLOW,SELL PRESSURE,MODERATE,SHORTS CROWDED,5,45
2026-05-15T08:40:20.683685+00:00,TAOUSDT,0.9322225748878333,-0.5224168444820095,-0.11141217097053546,45.887946890473735,0.0,NEUTRAL FLOW,NORMAL,LOW,,0,40
2026-05-15T08:40:21.000393+00:00,BTCUSDT,-1.0550037860903652,-0.4106559208052494,0.10301091774547312,53.285066207240945,0.0,NEUTRAL FLOW,NORMAL,LOW,,0,30
2026-05-15T08:40:21.323776+00:00,SOLUSDT,0.45617289018010154,2.296974359239849,0.012540062732642809,54.36734946446934,0.0,NEUTRAL FLOW,NORMAL,LOW,,0,30
2026-05-15T08:40:21.642618+00:00,XAGUSDT,5.960820849459137,-5.569775586107572,0.043166505737305245,44.051076108911,20.0,NEUTRAL FLOW,NORMAL,LOW,LONGS CROWDED,-10,20
2026-05-15T08:40:21.957372+00:00,XRPUSDT,-1.0770673620962974,0.38368703606686927,0.18719411634452318,57.49592530875246,20.0,NEUTRAL FLOW,NORMAL,LOW,,0,30
2026-05-15T08:40:22.277012+00:00,DOGEUSDT,-1.9374838347561525,0.5363101576716509,0.022422063678879393,53.464750619071445,20.0,NEUTRAL FLOW,NORMAL,LOW,,0,30
2026-05-15T08:40:22.593814+00:00,LABUSDT,-0.5131585922487838,4.191086663787067,0.06750702055707655,55.39060068285881,35.0,NEUTRAL FLOW,NORMAL,LOW,,0,30
2026-05-15T08:40:22.905041+00:00,BILLUSDT,-0.9092507907812745,7.422139950649553,0.05602513152452942,68.13763422057171,35.0,NEUTRAL FLOW,BUY PRESSURE,LOW,,0,30
2026-05-15T08:40:23.219765+00:00,1000PEPEUSDT,-0.7328446201018364,0.6209818886136507,0.10216090976914666,55.034349818962596,0.0,NEUTRAL FLOW,NORMAL,LOW,,0,30
2026-05-15T08:40:23.543308+00:00,CRCLUSDT,-0.32243825375409974,-1.6439411762360252,0.2655435218612114,57.63375097712271,20.0,NEUTRAL FLOW,NORMAL,LOW,,0,30
2026-05-15T08:40:23.863344+00:00,MUUSDT,-0.31941030329885767,9.419250800000786,0.03834205130826418,64.37682548112419,10.0,NEUTRAL FLOW,BUY PRESSURE,LOW,,0,30
2026-05-15T08:40:24.188011+00:00,ADAUSDT,-1.0629021887166206,0.5839746304996988,0.03024925573521686,52.45922692308385,0.0,NEUTRAL FLOW,NORMAL,LOW,,0,30
2026-05-15T08:40:24.528356+00:00,INJUSDT,0.23039432355362088,0.2585706497657477,0.17615639872808264,57.06828338626144,0.0,NEUTRAL FLOW,NORMAL,LOW,,0,30
2026-05-15T08:40:24.840089+00:00,ETHUSDT,-0.7473776442435512,0.17608816863972276,-0.07447771113526733,47.86691080974099,0.0,NEUTRAL FLOW,NORMAL,LOW,,0,15
2026-05-15T08:40:25.154248+00:00,HYPEUSDT,0.7934415681029785,1.596203304005108,-0.09386758332029399,48.88625642660011,0.0,NEUTRAL FLOW,NORMAL,LOW,,0,15
2026-05-15T08:40:25.472012+00:00,ZECUSDT,-0.435003039675156,0.09108697081553488,-0.17038895820584604,43.912706778079325,0.0,NEUTRAL FLOW,NORMAL,LOW,,0,15
2026-05-15T08:40:25.801379+00:00,CLUSDT,0.8560898626490749,12.071626166459302,-0.11021454575976515,64.99825261328778,10.0,NEUTRAL FLOW,BUY PRESSURE,LOW,,0,15
2026-05-15T08:40:26.116471+00:00,BNBUSDT,-0.8934060970941015,2.18525235270559,-0.2657595714318419,44.52578422706015,20.0,NEUTRAL FLOW,NORMAL,LOW,,0,15
2026-05-15T08:40:26.435290+00:00,SNDKUSDT,0.41688731118601235,-3.788527808704341,0.006857660860710072,45.025055877248356,0.0,NEUTRAL FLOW,NORMAL,LOW,,0,15
2026-05-15T08:40:26.754039+00:00,TONUSDT,-0.816063295435725,1.3635603279840693,-0.09927403127669769,49.310138680948285,0.0,NEUTRAL FLOW,NORMAL,LOW,,0,15
2026-05-15T08:40:27.076898+00:00,BZUSDT,0.9157170864121265,2.3553813594072652,-0.0436742418100662,56.71410175797033,0.0,NEUTRAL FLOW,NORMAL,LOW,,0,15
2026-05-15T08:40:27.403163+00:00,SIRENUSDT,-0.3781755513917425,1.2371936249872606,0.055734628713245866,56.125229107801154,25.0,NEUTRAL FLOW,NORMAL,LOW,SHORTS CROWDED,5,20
2026-05-15T08:40:27.714549+00:00,LINKUSDT,-1.6810852549833777,0.7272224654831799,-0.09614101904212811,48.24976299100525,20.0,NEUTRAL FLOW,NORMAL,LOW,,0,15
2026-05-15T08:40:28.030162+00:00,AVAXUSDT,-0.17831002068442436,-1.5558411519525102,-0.16566523605150216,42.81034813873726,0.0,NEUTRAL FLOW,NORMAL,LOW,,0,15
2026-05-15T08:40:28.358155+00:00,UBUSDT,-0.3408910103416417,-2.838713874862888,-0.05385921701369399,41.80883083539591,10.0,NEUTRAL FLOW,NORMAL,LOW,,0,15
2026-05-15T08:40:28.711283+00:00,AIGENSYNUSDT,-3.3562649082533516,9.301881059540065,-0.02431171960234157,58.8067314901561,65.0,NEUTRAL FLOW,NORMAL,MODERATE,SHORTS CROWDED,5,5
2026-05-15T08:40:29.026242+00:00,MLNUSDT,-5.696029541177281,-20.234304251591947,-0.17417559121419401,28.145080991031506,45.0,NEUTRAL FLOW,SELL PRESSURE,MODERATE,SHORTS CROWDED,5,5
2026-05-15T08:40:40.706541+00:00,XAUUSDT,3.9313357434920113,4.60017998085119,0.010623215160536081,57.49164544813855,30.0,NEUTRAL FLOW,NORMAL,LOW,LONGS CROWDED,-10,45
2026-05-15T08:40:41.052219+00:00,SUIUSDT,1.0849149487145597,3.5646695037273184,0.052507624733000934,59.09581040119911,10.0,NEUTRAL FLOW,NORMAL,LOW,,0,55
2026-05-15T08:40:41.372419+00:00,PLAYUSDT,-2.3793773693978855,-2.7165066510514246,-0.1876308814050036,34.40990788510049,45.0,NEUTRAL FLOW,SELL PRESSURE,MODERATE,SHORTS CROWDED,5,45
2026-05-15T08:40:41.685297+00:00,TAOUSDT,0.9322225748878333,-0.5224168444820095,-0.10576950086912368,46.044385248602694,0.0,NEUTRAL FLOW,NORMAL,LOW,,0,40
2026-05-15T08:40:42.004004+00:00,BTCUSDT,-1.0550037860903652,-0.4106559208052494,0.11587114155611103,53.707843388168484,0.0,NEUTRAL FLOW,NORMAL,LOW,,0,30
2026-05-15T08:40:42.349406+00:00,SOLUSDT,0.45617289018010154,2.296974359239849,0.010124676670398439,54.23890315865742,0.0,NEUTRAL FLOW,NORMAL,LOW,,0,30
2026-05-15T08:40:42.662064+00:00,XAGUSDT,5.960820849459137,-5.569775586107572,0.0354094609153659,43.70287281552029,20.0,NEUTRAL FLOW,NORMAL,LOW,LONGS CROWDED,-10,20
2026-05-15T08:40:42.976851+00:00,XRPUSDT,-1.0770673620962974,0.38368703606686927,0.1727902707488054,56.923531327236816,0.0,NEUTRAL FLOW,NORMAL,LOW,,0,30
2026-05-15T08:40:43.303956+00:00,DOGEUSDT,-1.9374838347561525,0.5363101576716509,0.03646569266657783,54.21000564993352,20.0,NEUTRAL FLOW,NORMAL,LOW,,0,30
2026-05-15T08:40:43.746988+00:00,LABUSDT,-0.5131585922487838,4.191086663787067,0.07243691153264432,56.2217316414994,35.0,NEUTRAL FLOW,NORMAL,LOW,,0,30
2026-05-15T08:40:44.198605+00:00,BILLUSDT,-0.9092507907812745,7.422139950649553,0.05368799679675618,68.29966488466013,35.0,NEUTRAL FLOW,BUY PRESSURE,LOW,,0,30
2026-05-15T08:40:44.509770+00:00,1000PEPEUSDT,-0.7328446201018364,0.6209818886136507,0.09084899125032687,54.59366657366143,0.0,NEUTRAL FLOW,NORMAL,LOW,,0,30
2026-05-15T08:40:44.823433+00:00,CRCLUSDT,-0.32243825375409974,-1.6439411762360252,0.25338780949708906,57.006891175294825,20.0,NEUTRAL FLOW,NORMAL,LOW,,0,30
2026-05-15T08:40:45.140685+00:00,MUUSDT,-0.31941030329885767,9.419250800000786,0.03688073030700426,64.16976782490784,10.0,NEUTRAL FLOW,BUY PRESSURE,LOW,,0,30
2026-05-15T08:40:45.684034+00:00,ADAUSDT,-1.0629021887166206,0.5839746304996988,0.010835363925522219,51.6298718450012,0.0,NEUTRAL FLOW,NORMAL,LOW,,0,30
2026-05-15T08:40:46.066435+00:00,INJUSDT,0.23039432355362088,0.2585706497657477,0.1825921930041207,57.372759794558135,20.0,NEUTRAL FLOW,NORMAL,LOW,,0,30
2026-05-15T08:40:46.382627+00:00,ETHUSDT,-0.7473776442435512,0.17608816863972276,-0.07498623297676411,47.83846008190642,0.0,NEUTRAL FLOW,NORMAL,LOW,,0,15
2026-05-15T08:40:46.697423+00:00,HYPEUSDT,0.7934415681029785,1.596203304005108,-0.08702189038595218,49.06472698156167,0.0,NEUTRAL FLOW,NORMAL,LOW,,0,15
2026-05-15T08:40:47.015095+00:00,ZECUSDT,-0.435003039675156,0.09108697081553488,-0.16215485195476098,44.09305772419244,0.0,NEUTRAL FLOW,NORMAL,LOW,,0,15
2026-05-15T08:40:47.340968+00:00,CLUSDT,0.8560898626490749,12.071626166459302,-0.10628394519361016,65.27134615057305,10.0,NEUTRAL FLOW,BUY PRESSURE,LOW,,0,15
2026-05-15T08:40:47.652765+00:00,BNBUSDT,-0.8934060970941015,2.18525235270559,-0.2636846681480049,44.5896373734075,20.0,NEUTRAL FLOW,NORMAL,LOW,,0,15
2026-05-15T08:40:47.970417+00:00,SNDKUSDT,0.41688731118601235,-3.788527808704341,0.0046357693616720826,44.78892504385154,0.0,NEUTRAL FLOW,NORMAL,LOW,,0,15
2026-05-15T08:40:48.284214+00:00,TONUSDT,-0.816063295435725,1.3635603279840693,-0.07700004141106125,50.08972832624556,0.0,NEUTRAL FLOW,NORMAL,LOW,,0,15
2026-05-15T08:40:48.591729+00:00,BZUSDT,0.9157170864121265,2.3553813594072652,-0.06431197809588925,56.19200543741867,10.0,NEUTRAL FLOW,NORMAL,LOW,,0,15
2026-05-15T08:40:48.902112+00:00,SIRENUSDT,-0.3781755513917425,1.2371936249872606,0.052540452925411894,55.974132503271775,25.0,NEUTRAL FLOW,NORMAL,LOW,SHORTS CROWDED,5,20
2026-05-15T08:40:49.219236+00:00,LINKUSDT,-1.6810852549833777,0.7272224654831799,-0.09882904415978244,48.05867008239568,20.0,NEUTRAL FLOW,NORMAL,LOW,,0,15
2026-05-15T08:40:49.532743+00:00,AVAXUSDT,-0.17831002068442436,-1.5558411519525102,-0.1470618666504367,43.49938406888235,0.0,NEUTRAL FLOW,NORMAL,LOW,,0,15
2026-05-15T08:40:49.865001+00:00,UBUSDT,-0.3408910103416417,-2.838713874862888,-0.05454539108338947,41.67749461596107,10.0,NEUTRAL FLOW,NORMAL,LOW,,0,15
2026-05-15T08:40:50.170940+00:00,AIGENSYNUSDT,-3.3562649082533516,9.301881059540065,-0.025842551418075614,58.54223023656548,65.0,NEUTRAL FLOW,NORMAL,MODERATE,SHORTS CROWDED,5,5
2026-05-15T08:40:50.483816+00:00,MLNUSDT,-5.696029541177281,-20.234304251591947,-0.17834473938379997,27.68300525656543,45.0,NEUTRAL FLOW,SELL PRESSURE,MODERATE,SHORTS CROWDED,5,5
2026-05-15T08:41:01.930922+00:00,XAUUSDT,3.9313357434920113,4.60017998085119,0.0133235669734337,57.686256334071295,30.0,NEUTRAL FLOW,NORMAL,LOW,LONGS CROWDED,-10,45
2026-05-15T08:41:02.256908+00:00,SUIUSDT,1.0849149487145597,3.5646695037273184,0.05357089072127976,59.20452546939481,10.0,NEUTRAL FLOW,NORMAL,LOW,,0,55
2026-05-15T08:41:02.584896+00:00,PLAYUSDT,-2.3793773693978855,-2.7165066510514246,-0.17471648377120924,35.40728426463093,30.0,NEUTRAL FLOW,SELL PRESSURE,LOW,SHORTS CROWDED,5,45
2026-05-15T08:41:02.902467+00:00,TAOUSDT,0.9322225748878333,-0.5224168444820095,-0.10737341597866433,45.950812932949866,0.0,NEUTRAL FLOW,NORMAL,LOW,,0,40
2026-05-15T08:41:03.224841+00:00,BZUSDT,0.9157170864121265,2.3553813594072652,-0.03736321325387345,57.549911252723824,10.0,NEUTRAL FLOW,NORMAL,LOW,,0,35
2026-05-15T08:41:03.538821+00:00,BTCUSDT,-1.0550037860903652,-0.4106559208052494,0.12311874139533788,54.04548902368997,0.0,NEUTRAL FLOW,NORMAL,LOW,,0,30
2026-05-15T08:41:03.862320+00:00,SOLUSDT,0.45617289018010154,2.296974359239849,0.009164726645762646,54.27116659824523,0.0,NEUTRAL FLOW,NORMAL,LOW,,0,30
2026-05-15T08:41:04.186548+00:00,XAGUSDT,5.960820849459137,-5.569775586107572,0.030739807704518285,43.43715932031013,20.0,NEUTRAL FLOW,NORMAL,LOW,LONGS CROWDED,-10,20
2026-05-15T08:41:04.514199+00:00,XRPUSDT,-1.0770673620962974,0.38368703606686927,0.17411332095984353,57.051749347421776,0.0,NEUTRAL FLOW,NORMAL,LOW,,0,30
2026-05-15T08:41:04.838260+00:00,DOGEUSDT,-1.9374838347561525,0.5363101576716509,0.04695697729969566,54.68814595132027,20.0,NEUTRAL FLOW,NORMAL,LOW,,0,30
2026-05-15T08:41:05.174320+00:00,LABUSDT,-0.5131585922487838,4.191086663787067,0.07539991471615738,56.90108862988897,20.0,NEUTRAL FLOW,NORMAL,LOW,,0,30
2026-05-15T08:41:05.488874+00:00,BILLUSDT,-0.9092507907812745,7.422139950649553,0.04538904550860774,67.65542860010129,35.0,NEUTRAL FLOW,BUY PRESSURE,LOW,,0,30
2026-05-15T08:41:05.865948+00:00,1000PEPEUSDT,-0.7328446201018364,0.6209818886136507,0.08913781710365992,54.59346360805136,0.0,NEUTRAL FLOW,NORMAL,LOW,,0,30
2026-05-15T08:41:06.176300+00:00,CRCLUSDT,-0.32243825375409974,-1.6439411762360252,0.2510307742413848,56.90761078558823,20.0,NEUTRAL FLOW,NORMAL,LOW,,0,30
2026-05-15T08:41:06.489513+00:00,MUUSDT,-0.31941030329885767,9.419250800000786,0.034551388549212705,63.974610505581616,10.0,NEUTRAL FLOW,BUY PRESSURE,LOW,,0,30
2026-05-15T08:41:06.807849+00:00,ADAUSDT,-1.0629021887166206,0.5839746304996988,0.07184341767654198,53.84008815865855,0.0,NEUTRAL FLOW,NORMAL,LOW,,0,30
2026-05-15T08:41:07.172192+00:00,INJUSDT,0.23039432355362088,0.2585706497657477,0.18632727016661976,57.5430992995633,20.0,NEUTRAL FLOW,NORMAL,LOW,,0,30
2026-05-15T08:41:07.589093+00:00,ETHUSDT,-0.7473776442435512,0.17608816863972276,-0.07445517397928755,47.870362726045805,0.0,NEUTRAL FLOW,NORMAL,LOW,,0,15
2026-05-15T08:41:07.961976+00:00,HYPEUSDT,0.7934415681029785,1.596203304005108,-0.069329677547511,50.1336869928545,0.0,NEUTRAL FLOW,NORMAL,LOW,,0,15
2026-05-15T08:41:08.284499+00:00,ZECUSDT,-0.435003039675156,0.09108697081553488,-0.1586928126686567,44.17704193621475,0.0,NEUTRAL FLOW,NORMAL,LOW,,0,15
2026-05-15T08:41:08.653404+00:00,CLUSDT,0.8560898626490749,12.071626166459302,-0.07695967287664086,67.0144916035789,10.0,NEUTRAL FLOW,BUY PRESSURE,LOW,,0,15
2026-05-15T08:41:08.967411+00:00,BNBUSDT,-0.8934060970941015,2.18525235270559,-0.25699414634719153,44.86764797937077,20.0,NEUTRAL FLOW,NORMAL,LOW,,0,15
2026-05-15T08:41:09.289205+00:00,SNDKUSDT,0.41688731118601235,-3.788527808704341,-0.003754751472593812,44.57807134642322,0.0,NEUTRAL FLOW,NORMAL,LOW,,0,15
2026-05-15T08:41:09.688143+00:00,TONUSDT,-0.816063295435725,1.3635603279840693,-0.07400077297895864,50.30993222012082,0.0,NEUTRAL FLOW,NORMAL,LOW,,0,15
2026-05-15T08:41:10.004652+00:00,SIRENUSDT,-0.3781755513917425,1.2371936249872606,0.045107546711526524,55.47817807405458,25.0,NEUTRAL FLOW,NORMAL,LOW,SHORTS CROWDED,5,20
2026-05-15T08:41:10.318096+00:00,LINKUSDT,-1.6810852549833777,0.7272224654831799,-0.07856635904160489,48.88427849692189,20.0,NEUTRAL FLOW,NORMAL,LOW,,0,15
2026-05-15T08:41:10.737603+00:00,AVAXUSDT,-0.17831002068442436,-1.5558411519525102,-0.12692530330427101,44.43779561979217,0.0,NEUTRAL FLOW,NORMAL,LOW,,0,15
2026-05-15T08:41:11.057255+00:00,UBUSDT,-0.3408910103416417,-2.838713874862888,-0.04412449937778209,42.09588588915508,10.0,NEUTRAL FLOW,NORMAL,LOW,,0,15
2026-05-15T08:41:11.391762+00:00,AIGENSYNUSDT,-3.3562649082533516,9.301881059540065,-0.02656725237993286,58.135103791863855,65.0,NEUTRAL FLOW,NORMAL,MODERATE,SHORTS CROWDED,5,5
2026-05-15T08:41:11.708477+00:00,MLNUSDT,-5.696029541177281,-20.234304251591947,-0.195316972848419,26.077279330008153,45.0,NEUTRAL FLOW,SELL PRESSURE,MODERATE,SHORTS CROWDED,5,5
