symbol,cluster_size,trade_id,timestamp,entry_price,confidence,status,is_excess
AIOUSDT,3,22256,2026-06-11T15:55:14.680107+00:00,0.20653,87.56,CLOSED,False
AIOUSDT,3,22257,2026-06-11T15:55:33.512124+00:00,0.20592,87.48,CLOSED,True
AIOUSDT,3,22258,2026-06-11T15:55:52.664984+00:00,0.2076,87.74,CLOSED,True
AIOUSDT,2,23060,2026-06-12T06:10:14.889802+00:00,0.17298,80.91,CLOSED,False
AIOUSDT,2,24079,2026-06-12T06:10:53.487694+00:00,0.17196,81.43,CLOSED,True
ALICEUSDT,2,35444,2026-06-20T21:30:35.616400+00:00,0.1706,75.4,CLOSED,False
ALICEUSDT,2,35445,2026-06-20T21:30:55.072676+00:00,0.1721,75.48,CLOSED,True
ALLOUSDT,2,476,2026-05-30T10:50:17.335174+00:00,0.29371,100.0,CLOSED,False
ALLOUSDT,2,477,2026-05-30T10:51:31.804360+00:00,0.2929,89.33,CLOSED,True
ALLOUSDT,3,498,2026-05-30T11:10:18.907347+00:00,0.28697,76.53,CLOSED,False
ALLOUSDT,3,500,2026-05-30T11:11:41.226918+00:00,0.28888,88.42,CLOSED,True
ALLOUSDT,3,502,2026-05-30T11:12:52.568639+00:00,0.29065,87.89,CLOSED,True
ALLOUSDT,2,576,2026-05-30T12:11:26.731477+00:00,0.29833,75.38,CLOSED,False
ALLOUSDT,2,700,2026-05-30T12:11:46.189293+00:00,0.29714,75.37,CLOSED,True
ALLOUSDT,2,2726,2026-05-30T22:50:25.920995+00:00,0.22628,80.8,CLOSED,False
ALLOUSDT,2,3299,2026-05-30T22:50:43.143853+00:00,0.22574,80.8,CLOSED,True
ALLOUSDT,3,15920,2026-06-07T23:25:10.678254+00:00,0.33763,100.0,CLOSED,False
ALLOUSDT,3,15921,2026-06-07T23:25:29.637370+00:00,0.33415,100.0,CLOSED,True
ALLOUSDT,3,15971,2026-06-07T23:25:48.264869+00:00,0.33305,87.03,CLOSED,True
ALLOUSDT,3,16068,2026-06-08T03:25:11.426327+00:00,0.3902,89.67,CLOSED,False
ALLOUSDT,3,16288,2026-06-08T03:25:29.966060+00:00,0.39127,89.68,CLOSED,True
ALLOUSDT,3,16289,2026-06-08T03:25:48.482419+00:00,0.39038,89.65,CLOSED,True
ALLOUSDT,3,16365,2026-06-08T07:25:12.365665+00:00,0.43862,95.17,CLOSED,False
ALLOUSDT,3,16366,2026-06-08T07:25:35.187278+00:00,0.43776,95.15,CLOSED,True
ALLOUSDT,3,16367,2026-06-08T07:25:55.571288+00:00,0.43277,95.51,CLOSED,True
ALLOUSDT,2,16464,2026-06-08T08:45:30.516181+00:00,0.47214,75.94,CLOSED,False
ALLOUSDT,2,16513,2026-06-08T08:45:50.062420+00:00,0.4674,75.78,CLOSED,True
ALLOUSDT,3,18060,2026-06-09T00:05:11.450077+00:00,0.42493,87.8,CLOSED,False
ALLOUSDT,3,18510,2026-06-09T00:05:29.538863+00:00,0.42545,87.94,CLOSED,True
ALLOUSDT,3,18535,2026-06-09T00:05:48.372915+00:00,0.42795,88.18,CLOSED,True
ALLOUSDT,3,18585,2026-06-09T01:25:11.889216+00:00,0.43622,91.38,CLOSED,False
ALLOUSDT,3,20185,2026-06-09T01:25:31.462777+00:00,0.43626,91.49,CLOSED,True
ALLOUSDT,3,20207,2026-06-09T01:25:52.641107+00:00,0.43535,91.61,CLOSED,True
ASTERUSDT,3,2576,2026-05-30T19:10:37.696416+00:00,0.755,88.93,CLOSED,False
ASTERUSDT,3,2701,2026-05-30T19:11:57.476208+00:00,0.7568,89.15,CLOSED,True
ASTERUSDT,3,2725,2026-05-30T19:12:52.218377+00:00,0.7567,90.62,CLOSED,True
ASTERUSDT,3,14149,2026-06-01T01:40:11.668023+00:00,0.7183,85.4,CLOSED,False
ASTERUSDT,3,14150,2026-06-01T01:40:30.053898+00:00,0.7183,85.4,CLOSED,True
ASTERUSDT,3,14151,2026-06-01T01:40:47.858083+00:00,0.7185,85.39,CLOSED,True
ASTERUSDT,3,36071,2026-06-21T02:55:17.354224+00:00,0.6527,90.1,CLOSED,False
ASTERUSDT,3,36246,2026-06-21T02:55:37.168038+00:00,0.6527,91.38,CLOSED,True
ASTERUSDT,3,36396,2026-06-21T02:55:56.841523+00:00,0.6525,90.39,CLOSED,True
AXSUSDT,3,35596,2026-06-21T00:25:14.808466+00:00,1.207,92.0,CLOSED,False
AXSUSDT,3,35620,2026-06-21T00:25:35.776451+00:00,1.206,92.24,CLOSED,True
AXSUSDT,3,35621,2026-06-21T00:25:57.402901+00:00,1.208,92.59,CLOSED,True
BEATUSDT,3,15196,2026-06-07T14:55:12.768089+00:00,2.7247,86.98,CLOSED,False
BEATUSDT,3,15245,2026-06-07T14:55:31.129436+00:00,2.7232,87.05,CLOSED,True
BEATUSDT,3,15246,2026-06-07T14:55:49.617635+00:00,2.7191,87.12,CLOSED,True
BEATUSDT,3,15370,2026-06-07T15:20:13.872623+00:00,2.7597,86.89,CLOSED,False
BEATUSDT,3,15371,2026-06-07T15:20:33.724288+00:00,2.7625,86.93,CLOSED,True
BEATUSDT,3,15669,2026-06-07T15:20:52.033184+00:00,2.7659,87.0,CLOSED,True
BEATUSDT,2,15670,2026-06-07T15:40:33.640797+00:00,2.8483,89.01,CLOSED,False
BEATUSDT,2,15671,2026-06-07T15:40:51.911495+00:00,2.8524,89.07,CLOSED,True
BEATUSDT,2,15845,2026-06-07T22:25:12.832775+00:00,3.6018,89.59,CLOSED,False
BEATUSDT,2,15846,2026-06-07T22:25:38.943553+00:00,3.6124,89.72,CLOSED,True
BEATUSDT,3,24909,2026-06-13T08:10:12.372270+00:00,9.1011,89.54,CLOSED,False
BEATUSDT,3,25208,2026-06-13T08:10:33.421283+00:00,9.1,89.62,CLOSED,True
BEATUSDT,3,25210,2026-06-13T08:10:54.121182+00:00,9.1159,89.68,CLOSED,True
BEATUSDT,2,27346,2026-06-15T07:40:33.054569+00:00,4.9476,75.01,CLOSED,False
BEATUSDT,2,27419,2026-06-15T07:40:53.943555+00:00,4.9074,75.08,CLOSED,True
BEATUSDT,2,38956,2026-06-27T13:25:28.415737+00:00,2.645,87.13,OPEN,False
BEATUSDT,2,38958,2026-06-27T13:25:46.229241+00:00,2.642,87.18,OPEN,True
BICOUSDT,3,35219,2026-06-20T06:55:12.854837+00:00,0.0412,77.08,CLOSED,False
BICOUSDT,3,35221,2026-06-20T06:55:35.568968+00:00,0.04116,77.15,CLOSED,True
BICOUSDT,3,35294,2026-06-20T06:55:56.628705+00:00,0.04113,77.18,CLOSED,True
BICOUSDT,3,35320,2026-06-20T16:55:11.889344+00:00,0.04645,79.01,CLOSED,False
BICOUSDT,3,35321,2026-06-20T16:55:32.647748+00:00,0.04635,79.23,CLOSED,True
BICOUSDT,3,35363,2026-06-20T16:55:52.510953+00:00,0.04634,79.41,CLOSED,True
BICOUSDT,3,35364,2026-06-20T17:20:12.234292+00:00,0.05632,77.18,CLOSED,False
BICOUSDT,3,35365,2026-06-20T17:20:31.727739+00:00,0.05669,77.56,CLOSED,True
BICOUSDT,3,35366,2026-06-20T17:20:52.195870+00:00,0.05619,77.6,CLOSED,True
BICOUSDT,3,35368,2026-06-20T18:10:11.723684+00:00,0.05958,79.28,CLOSED,False
BICOUSDT,3,35370,2026-06-20T18:10:33.812281+00:00,0.05975,79.35,CLOSED,True
BICOUSDT,3,35443,2026-06-20T18:10:54.373091+00:00,0.05958,79.42,CLOSED,True
BICOUSDT,3,36444,2026-06-21T05:25:11.882430+00:00,0.05472,83.01,CLOSED,False
BICOUSDT,3,36445,2026-06-21T05:25:32.836989+00:00,0.05474,83.16,CLOSED,True
BICOUSDT,3,36446,2026-06-21T05:25:53.795309+00:00,0.05478,83.3,CLOSED,True
BICOUSDT,3,36819,2026-06-21T13:10:11.673789+00:00,0.05435,87.14,CLOSED,False
BICOUSDT,3,36820,2026-06-21T13:10:32.111239+00:00,0.05387,87.32,CLOSED,True
BICOUSDT,3,36821,2026-06-21T13:10:52.942452+00:00,0.05383,87.41,CLOSED,True
BTWUSDT,3,14697,2026-06-07T08:55:16.095775+00:00,0.068696,100.0,CLOSED,False
BTWUSDT,3,14699,2026-06-07T08:55:43.812006+00:00,0.068794,100.0,CLOSED,True
BTWUSDT,3,14701,2026-06-07T08:56:12.359477+00:00,0.068069,100.0,CLOSED,True
BTWUSDT,3,15696,2026-06-07T21:25:13.563369+00:00,0.067535,89.93,CLOSED,False
BTWUSDT,3,15746,2026-06-07T21:25:32.433968+00:00,0.067515,90.04,CLOSED,True
BTWUSDT,3,15821,2026-06-07T21:25:50.737485+00:00,0.067899,90.22,CLOSED,True
BTWUSDT,2,20308,2026-06-10T12:50:12.250077+00:00,0.09384,79.09,CLOSED,False
BTWUSDT,2,20309,2026-06-10T12:50:31.530932+00:00,0.09283,88.61,CLOSED,True
BTWUSDT,3,35367,2026-06-20T18:10:11.973419+00:00,0.17571,85.9,CLOSED,False
BTWUSDT,3,35369,2026-06-20T18:10:34.047643+00:00,0.17552,86.44,CLOSED,True
BTWUSDT,3,35371,2026-06-20T18:10:54.613711+00:00,0.17461,86.65,CLOSED,True
BTWUSDT,2,37544,2026-06-22T01:40:13.064814+00:00,0.08752,88.73,CLOSED,False
BTWUSDT,2,37795,2026-06-22T01:40:53.795281+00:00,0.08755,88.76,OPEN,True
ENAUSDT,3,15144,2026-06-07T14:35:14.747982+00:00,0.09217,79.43,CLOSED,False
ENAUSDT,3,15145,2026-06-07T14:35:35.373047+00:00,0.09215,79.56,CLOSED,True
ENAUSDT,3,15146,2026-06-07T14:35:56.105631+00:00,0.0923,79.71,CLOSED,True
ESPORTSUSDT,3,17010,2026-06-08T17:25:15.453036+00:00,0.06749,75.6,CLOSED,False
ESPORTSUSDT,3,17012,2026-06-08T17:25:35.645900+00:00,0.0687,76.18,CLOSED,True
ESPORTSUSDT,3,17014,2026-06-08T17:25:55.952950+00:00,0.06852,76.32,CLOSED,True
ESPORTSUSDT,3,24334,2026-06-12T20:05:13.357989+00:00,0.31869,87.68,CLOSED,False
ESPORTSUSDT,3,24335,2026-06-12T20:05:32.011362+00:00,0.31791,87.71,CLOSED,True
ESPORTSUSDT,3,24379,2026-06-12T20:05:51.145384+00:00,0.32012,87.78,CLOSED,True
EVAAUSDT,3,26776,2026-06-14T21:40:15.950187+00:00,0.7896,97.85,CLOSED,False
EVAAUSDT,3,26780,2026-06-14T21:40:45.409160+00:00,0.8166,98.36,CLOSED,True
EVAAUSDT,3,26883,2026-06-14T21:41:21.445035+00:00,0.8214,98.5,CLOSED,True
EVAAUSDT,3,27221,2026-06-15T07:40:13.050543+00:00,0.9986,75.7,CLOSED,False
EVAAUSDT,3,27417,2026-06-15T07:40:32.823455+00:00,0.9978,75.76,CLOSED,True
EVAAUSDT,3,27420,2026-06-15T07:40:53.708385+00:00,1.0007,75.8,CLOSED,True
EWYUSDT,3,21408,2026-06-10T13:50:15.202834+00:00,188.09,89.11,CLOSED,False
EWYUSDT,3,21907,2026-06-10T13:50:38.349906+00:00,187.54,90.54,CLOSED,True
EWYUSDT,3,21909,2026-06-10T13:51:00.563846+00:00,187.16,91.63,CLOSED,True
EWYUSDT,3,21960,2026-06-10T14:35:15.329559+00:00,188.84,87.98,CLOSED,False
EWYUSDT,3,22142,2026-06-10T14:35:38.908630+00:00,188.71,88.24,CLOSED,True
EWYUSDT,3,22145,2026-06-10T14:36:00.288386+00:00,189.01,88.6,CLOSED,True
FETUSDT,2,851,2026-05-30T14:10:35.854997+00:00,0.2803,100.0,CLOSED,False
FETUSDT,2,1476,2026-05-30T14:10:59.518105+00:00,0.2801,100.0,CLOSED,True
FILUSDT,3,850,2026-05-30T14:10:15.115943+00:00,0.983,76.94,CLOSED,False
FILUSDT,3,1474,2026-05-30T14:10:36.095685+00:00,0.985,77.17,CLOSED,True
FILUSDT,3,1500,2026-05-30T14:10:59.989109+00:00,0.985,77.25,CLOSED,True
FILUSDT,3,3301,2026-05-31T00:10:13.481325+00:00,0.969,93.01,CLOSED,False
FILUSDT,3,3501,2026-05-31T00:10:32.446340+00:00,0.969,93.32,CLOSED,True
FILUSDT,3,6176,2026-05-31T00:10:51.310707+00:00,0.971,93.34,CLOSED,True
GUAUSDT,2,14,2026-05-27T16:40:28.959851+00:00,0.7126,75.7,CLOSED,False
GUAUSDT,2,15,2026-05-27T16:40:46.261250+00:00,0.7479,76.11,CLOSED,True
HBARUSDT,2,575,2026-05-30T12:11:30.833836+00:00,0.0994,89.21,CLOSED,False
HBARUSDT,2,651,2026-05-30T12:11:49.813572+00:00,0.09946,89.39,CLOSED,True
HBARUSDT,3,3375,2026-05-31T00:10:10.601347+00:00,0.09434,75.97,CLOSED,False
HBARUSDT,3,4276,2026-05-31T00:10:29.603608+00:00,0.09445,76.08,CLOSED,True
HBARUSDT,3,6726,2026-05-31T00:10:48.471837+00:00,0.09443,76.12,CLOSED,True
HEIUSDT,3,21,2026-05-29T16:35:43.661899+00:00,0.13591,79.04,CLOSED,False
HEIUSDT,3,22,2026-05-29T16:37:03.200715+00:00,0.13658,79.2,CLOSED,True
HEIUSDT,3,23,2026-05-29T16:37:53.700976+00:00,0.1361,79.49,CLOSED,True
HEIUSDT,2,24,2026-05-29T16:55:12.196345+00:00,0.14297,78.72,CLOSED,False
HEIUSDT,2,25,2026-05-29T16:55:29.454301+00:00,0.14267,78.72,CLOSED,True
HEIUSDT,3,14525,2026-06-07T05:55:12.197245+00:00,0.1163,90.07,CLOSED,False
HEIUSDT,3,14526,2026-06-07T05:55:31.988042+00:00,0.11568,90.24,CLOSED,True
HEIUSDT,3,14601,2026-06-07T05:55:51.468738+00:00,0.11565,90.38,CLOSED,True
HOMEUSDT,3,14698,2026-06-07T08:55:14.545938+00:00,0.0541,84.26,CLOSED,False
HOMEUSDT,3,14700,2026-06-07T08:55:42.406384+00:00,0.05403,84.57,CLOSED,True
HOMEUSDT,3,14725,2026-06-07T08:56:10.949117+00:00,0.05404,84.95,CLOSED,True
HUSDT,3,14176,2026-06-07T01:35:14.574211+00:00,0.64554,78.24,CLOSED,False
HUSDT,3,14249,2026-06-07T01:35:34.213388+00:00,0.64343,78.17,CLOSED,True
HUSDT,3,14250,2026-06-07T01:35:53.737779+00:00,0.64528,78.41,CLOSED,True
HUSDT,3,14326,2026-06-07T02:55:13.214110+00:00,0.69848,100.0,CLOSED,False
HUSDT,3,14351,2026-06-07T02:55:31.629064+00:00,0.69425,100.0,CLOSED,True
HUSDT,3,14476,2026-06-07T02:55:50.013035+00:00,0.69758,100.0,CLOSED,True
HUSDT,3,14694,2026-06-07T07:55:13.706186+00:00,0.72895,79.2,CLOSED,False
HUSDT,3,14695,2026-06-07T07:55:32.577210+00:00,0.72961,79.29,CLOSED,True
HUSDT,3,14696,2026-06-07T07:55:52.109151+00:00,0.72648,79.36,CLOSED,True
HUSDT,2,14921,2026-06-07T11:35:14.520104+00:00,0.74324,85.86,CLOSED,False
HUSDT,2,14971,2026-06-07T11:35:33.162463+00:00,0.74316,85.94,CLOSED,True
HUSDT,3,15119,2026-06-07T11:55:14.624497+00:00,0.76411,87.29,CLOSED,False
HUSDT,3,15120,2026-06-07T11:55:34.762477+00:00,0.76307,78.12,CLOSED,True
HUSDT,3,15121,2026-06-07T11:55:53.936220+00:00,0.76356,78.19,CLOSED,True
HUSDT,3,17534,2026-06-08T20:25:13.354465+00:00,0.24702,75.32,CLOSED,False
HUSDT,3,17535,2026-06-08T20:25:32.088189+00:00,0.24285,75.26,CLOSED,True
HUSDT,3,18058,2026-06-08T20:25:50.364329+00:00,0.24271,75.33,CLOSED,True
HUSDT,3,22908,2026-06-12T01:10:13.840173+00:00,0.25281,90.41,CLOSED,False
HUSDT,3,22909,2026-06-12T01:10:33.244460+00:00,0.25313,90.57,CLOSED,True
HUSDT,3,22910,2026-06-12T01:10:52.683462+00:00,0.25312,90.64,CLOSED,True
HUSDT,3,22980,2026-06-12T05:20:12.574549+00:00,0.26396,88.36,CLOSED,False
HUSDT,3,22983,2026-06-12T05:20:34.395096+00:00,0.26326,88.44,CLOSED,True
HUSDT,3,23008,2026-06-12T05:20:55.105818+00:00,0.2645,88.51,CLOSED,True
HUSDT,2,23010,2026-06-12T06:10:13.024774+00:00,0.2853,88.37,CLOSED,False
HUSDT,2,24010,2026-06-12T06:10:51.597396+00:00,0.285,88.6,CLOSED,True
HUSDT,3,25459,2026-06-13T16:05:16.191085+00:00,0.27835,86.71,CLOSED,False
HUSDT,3,25460,2026-06-13T16:05:35.417970+00:00,0.27715,86.66,CLOSED,True
HUSDT,3,25510,2026-06-13T16:05:55.224625+00:00,0.27735,86.68,CLOSED,True
HUSDT,3,25609,2026-06-13T23:10:15.217176+00:00,0.3065,91.17,CLOSED,False
HUSDT,3,25610,2026-06-13T23:10:35.423853+00:00,0.30781,91.31,CLOSED,True
HUSDT,3,25660,2026-06-13T23:10:55.651572+00:00,0.30584,91.41,CLOSED,True
HUSDT,2,25885,2026-06-13T23:35:14.962376+00:00,0.33101,88.61,CLOSED,False
HUSDT,2,26618,2026-06-13T23:35:33.937707+00:00,0.33061,88.73,CLOSED,True
HUSDT,3,26625,2026-06-14T03:20:15.079694+00:00,0.37756,75.67,CLOSED,False
HUSDT,3,26626,2026-06-14T03:20:36.095497+00:00,0.37651,75.7,CLOSED,True
HUSDT,3,26627,2026-06-14T03:20:56.585561+00:00,0.37627,75.82,CLOSED,True
HUSDT,3,26631,2026-06-14T05:25:13.961687+00:00,0.471,80.0,CLOSED,False
HUSDT,3,26632,2026-06-14T05:25:33.097548+00:00,0.47184,80.25,CLOSED,True
HUSDT,3,26633,2026-06-14T05:25:51.816624+00:00,0.47041,80.33,CLOSED,True
HUSDT,3,27546,2026-06-15T12:40:20.760725+00:00,0.2986,99.35,CLOSED,False
HUSDT,3,27569,2026-06-15T12:41:47.631762+00:00,0.31678,100.0,CLOSED,True
HUSDT,3,27571,2026-06-15T12:43:13.279194+00:00,0.3055,100.0,CLOSED,True
IDUSDT,3,3300,2026-05-31T00:10:10.125235+00:00,0.04035,100.0,CLOSED,False
IDUSDT,3,3376,2026-05-31T00:10:29.128419+00:00,0.04014,100.0,CLOSED,True
IDUSDT,3,5101,2026-05-31T00:10:47.992860+00:00,0.04008,100.0,CLOSED,True
IDUSDT,3,7550,2026-05-31T00:50:25.347874+00:00,0.04283,78.36,CLOSED,False
IDUSDT,3,7551,2026-05-31T00:51:26.420963+00:00,0.04254,100.0,CLOSED,True
IDUSDT,3,7876,2026-05-31T00:51:45.903433+00:00,0.0425,100.0,CLOSED,True
INJUSDT,3,8,2026-05-26T11:05:12.445670+00:00,5.693,100.0,CLOSED,False
INJUSDT,3,9,2026-05-26T11:05:30.277854+00:00,5.696,100.0,CLOSED,True
INJUSDT,3,10,2026-05-26T11:05:48.735914+00:00,5.693,100.0,CLOSED,True
INJUSDT,3,11,2026-05-26T14:20:13.099917+00:00,6.079,88.41,CLOSED,False
INJUSDT,3,12,2026-05-26T14:20:33.520084+00:00,6.078,88.45,CLOSED,True
INJUSDT,3,13,2026-05-26T14:20:52.720734+00:00,6.087,88.61,CLOSED,True
INJUSDT,3,849,2026-05-30T14:10:12.836876+00:00,6.851,90.42,CLOSED,False
INJUSDT,3,1473,2026-05-30T14:10:33.954494+00:00,6.86,81.61,CLOSED,True
INJUSDT,3,1475,2026-05-30T14:10:57.862252+00:00,6.853,100.0,CLOSED,True
INTCUSDT,3,21407,2026-06-10T13:50:14.264285+00:00,111.33,90.71,CLOSED,False
INTCUSDT,3,21409,2026-06-10T13:50:37.402288+00:00,111.13,92.08,CLOSED,True
INTCUSDT,3,21908,2026-06-10T13:50:59.612595+00:00,110.67,92.27,CLOSED,True
INTCUSDT,3,22608,2026-06-11T23:55:13.564833+00:00,118.66,86.56,CLOSED,False
INTCUSDT,3,22610,2026-06-11T23:55:34.821144+00:00,118.65,86.56,CLOSED,True
INTCUSDT,3,22860,2026-06-11T23:55:54.840136+00:00,118.63,86.56,CLOSED,True
INTCUSDT,3,22981,2026-06-12T05:20:13.874124+00:00,117.76,76.33,CLOSED,False
INTCUSDT,3,22984,2026-06-12T05:20:35.703847+00:00,117.76,76.5,CLOSED,True
INTCUSDT,3,23009,2026-06-12T05:20:56.401498+00:00,117.79,76.71,CLOSED,True
INTCUSDT,3,28920,2026-06-16T08:40:17.529129+00:00,127.5,100.0,CLOSED,False
INTCUSDT,3,28985,2026-06-16T08:40:40.224958+00:00,127.68,100.0,CLOSED,True
INTCUSDT,3,28986,2026-06-16T08:41:02.602095+00:00,127.66,100.0,CLOSED,True
INTCUSDT,3,38519,2026-06-22T13:50:16.197298+00:00,137.83,96.84,CLOSED,False
INTCUSDT,3,38521,2026-06-22T13:50:39.633331+00:00,137.89,100.0,CLOSED,True
INTCUSDT,3,38943,2026-06-22T13:51:04.498771+00:00,137.64,100.0,CLOSED,True
JTOUSDT,3,28991,2026-06-16T10:20:13.957247+00:00,0.7894,79.33,CLOSED,False
JTOUSDT,3,28992,2026-06-16T10:20:36.084889+00:00,0.7942,79.62,CLOSED,True
JTOUSDT,3,28993,2026-06-16T10:20:55.273877+00:00,0.7929,79.69,CLOSED,True
JTOUSDT,3,28994,2026-06-16T11:10:13.664948+00:00,0.8262,100.0,CLOSED,False
JTOUSDT,3,28995,2026-06-16T11:10:33.685761+00:00,0.8231,100.0,CLOSED,True
JTOUSDT,3,28996,2026-06-16T11:10:53.122232+00:00,0.8254,100.0,CLOSED,True
JTOUSDT,3,29020,2026-06-16T12:25:13.388479+00:00,0.8632,93.81,CLOSED,False
JTOUSDT,3,29719,2026-06-16T12:25:34.212636+00:00,0.8692,94.17,CLOSED,True
JTOUSDT,3,29721,2026-06-16T12:25:55.733629+00:00,0.87,94.42,CLOSED,True
MAGMAUSDT,3,38960,2026-06-27T14:25:10.415881+00:00,0.47333,100.0,OPEN,False
MAGMAUSDT,3,38968,2026-06-27T14:25:27.392377+00:00,0.47112,87.77,OPEN,True
MAGMAUSDT,3,38969,2026-06-27T14:25:44.807487+00:00,0.47288,100.0,OPEN,True
MRVLUSDT,3,20210,2026-06-09T06:05:11.897444+00:00,300.85,98.19,CLOSED,False
MRVLUSDT,3,20233,2026-06-09T06:05:30.249050+00:00,300.99,98.26,CLOSED,True
MRVLUSDT,3,20234,2026-06-09T06:05:49.707972+00:00,301.07,98.29,CLOSED,True
MRVLUSDT,3,21959,2026-06-10T14:35:11.949553+00:00,272.11,88.32,CLOSED,False
MRVLUSDT,3,22035,2026-06-10T14:35:35.592863+00:00,271.67,88.38,CLOSED,True
MRVLUSDT,3,22144,2026-06-10T14:35:56.992069+00:00,272.05,88.54,CLOSED,True
MRVLUSDT,3,24634,2026-06-13T03:10:32.572376+00:00,278.94,80.04,CLOSED,False
MRVLUSDT,3,24635,2026-06-13T03:11:25.122392+00:00,278.82,79.18,CLOSED,True
MRVLUSDT,3,24735,2026-06-13T03:12:05.098332+00:00,278.67,79.28,CLOSED,True
MRVLUSDT,3,28096,2026-06-15T17:40:17.194485+00:00,304.9,86.11,CLOSED,False
MRVLUSDT,3,28196,2026-06-15T17:40:37.831635+00:00,304.55,86.08,CLOSED,True
MRVLUSDT,3,28245,2026-06-15T17:40:57.754311+00:00,304.5,86.15,CLOSED,True
MRVLUSDT,2,28693,2026-06-16T01:11:41.487808+00:00,298.83,80.55,CLOSED,False
MRVLUSDT,2,28695,2026-06-16T01:12:59.167887+00:00,299.1,81.04,CLOSED,True
MRVLUSDT,3,28719,2026-06-16T03:40:16.062062+00:00,306.11,88.04,CLOSED,False
MRVLUSDT,3,28720,2026-06-16T03:40:36.801494+00:00,306.18,88.12,CLOSED,True
MRVLUSDT,3,28721,2026-06-16T03:40:57.732095+00:00,306.3,88.17,CLOSED,True
MRVLUSDT,3,29021,2026-06-16T12:25:15.026922+00:00,301.9,90.87,CLOSED,False
MRVLUSDT,3,29720,2026-06-16T12:25:35.993791+00:00,302.37,91.1,CLOSED,True
MRVLUSDT,3,30145,2026-06-16T12:25:57.433535+00:00,302.08,91.4,CLOSED,True
MRVLUSDT,3,30146,2026-06-16T13:40:16.475333+00:00,310.64,100.0,CLOSED,False
MRVLUSDT,3,30546,2026-06-16T13:40:40.910746+00:00,310.73,100.0,CLOSED,True
MRVLUSDT,3,32721,2026-06-16T13:41:04.972898+00:00,310.57,100.0,CLOSED,True
MRVLUSDT,3,38520,2026-06-22T13:50:17.134883+00:00,304.78,78.63,CLOSED,False
MRVLUSDT,3,38942,2026-06-22T13:50:40.567113+00:00,304.56,79.06,CLOSED,True
MRVLUSDT,3,38944,2026-06-22T13:51:05.470229+00:00,304.35,79.43,CLOSED,True
MRVLUSDT,3,38948,2026-06-27T13:05:11.320436+00:00,267.87,75.33,TP1 HIT,False
MRVLUSDT,3,38951,2026-06-27T13:05:30.728668+00:00,267.86,75.34,TP1 HIT,True
MRVLUSDT,3,38954,2026-06-27T13:05:50.435025+00:00,267.85,75.34,TP1 HIT,True
OPNUSDT,3,14844,2026-06-07T10:55:15.088067+00:00,0.1393,97.2,CLOSED,False
OPNUSDT,3,14845,2026-06-07T10:55:34.167733+00:00,0.1393,97.6,CLOSED,True
OPNUSDT,3,14846,2026-06-07T10:55:53.556239+00:00,0.1394,100.0,CLOSED,True
PIPPINUSDT,3,17083,2026-06-08T18:25:15.018295+00:00,0.02739,89.79,CLOSED,False
PIPPINUSDT,3,17085,2026-06-08T18:25:35.092034+00:00,0.0274,89.88,CLOSED,True
PIPPINUSDT,3,17235,2026-06-08T18:25:54.385538+00:00,0.02752,89.91,CLOSED,True
PORTALUSDT,2,7875,2026-05-31T00:51:26.656540+00:00,0.01796,100.0,CLOSED,False
PORTALUSDT,2,8476,2026-05-31T00:51:46.139388+00:00,0.01817,100.0,CLOSED,True
PORTALUSDT,3,11699,2026-06-01T00:40:08.593755+00:00,0.04459,100.0,CLOSED,False
PORTALUSDT,3,11700,2026-06-01T00:40:29.274116+00:00,0.04326,100.0,CLOSED,True
PORTALUSDT,3,11701,2026-06-01T00:40:50.262686+00:00,0.04402,100.0,CLOSED,True
QQQUSDT,2,20284,2026-06-10T12:30:38.045718+00:00,703.14,89.4,CLOSED,False
QQQUSDT,2,20305,2026-06-10T12:30:59.454991+00:00,702.35,91.03,CLOSED,True
QQQUSDT,2,27745,2026-06-15T16:25:46.500828+00:00,745.13,100.0,CLOSED,False
QQQUSDT,2,27746,2026-06-15T16:27:00.051697+00:00,745.08,88.22,CLOSED,True
QQQUSDT,3,28421,2026-06-15T22:40:17.667195+00:00,743.07,75.25,CLOSED,False
QQQUSDT,3,28546,2026-06-15T22:40:38.471848+00:00,742.98,75.3,CLOSED,True
QQQUSDT,3,28645,2026-06-15T22:40:59.721055+00:00,742.93,75.35,CLOSED,True
RESOLVUSDT,3,37416,2026-06-21T16:05:15.464111+00:00,0.02576,83.24,CLOSED,False
RESOLVUSDT,3,37417,2026-06-21T16:05:36.104715+00:00,0.0254,83.59,CLOSED,True
RESOLVUSDT,3,37418,2026-06-21T16:05:55.914822+00:00,0.02533,83.86,CLOSED,True
RESOLVUSDT,3,37796,2026-06-22T04:35:17.651330+00:00,0.02255,100.0,OPEN,False
RESOLVUSDT,3,38071,2026-06-22T04:35:42.719526+00:00,0.02263,100.0,OPEN,True
RESOLVUSDT,3,38145,2026-06-22T04:36:08.141944+00:00,0.02278,100.0,OPEN,True
REUSDT,2,38945,2026-06-22T18:05:15.020689+00:00,0.9205,77.27,CLOSED,False
REUSDT,2,38946,2026-06-22T18:05:35.736930+00:00,0.9235,77.59,CLOSED,True
REUSDT,3,38955,2026-06-27T13:25:10.993221+00:00,0.5873,84.01,TP1 HIT,False
REUSDT,3,38957,2026-06-27T13:25:27.697127+00:00,0.586,84.06,TP1 HIT,True
REUSDT,3,38959,2026-06-27T13:25:45.518433+00:00,0.5862,84.1,TP1 HIT,True
RIFUSDT,3,25433,2026-06-13T15:40:14.328597+00:00,0.10235,89.91,CLOSED,False
RIFUSDT,3,25434,2026-06-13T15:40:35.900896+00:00,0.1019,90.0,CLOSED,True
RIFUSDT,3,25435,2026-06-13T15:40:58.311657+00:00,0.1025,89.21,CLOSED,True
RIFUSDT,3,26635,2026-06-14T21:40:14.318736+00:00,0.12206,100.0,CLOSED,False
RIFUSDT,3,26778,2026-06-14T21:40:43.793685+00:00,0.12189,100.0,CLOSED,True
RIFUSDT,3,26783,2026-06-14T21:41:19.400729+00:00,0.12191,100.0,CLOSED,True
RIFUSDT,2,27055,2026-06-15T05:11:41.868554+00:00,0.10197,76.77,CLOSED,False
RIFUSDT,2,27056,2026-06-15T05:12:52.740743+00:00,0.10027,77.66,CLOSED,True
SIRENUSDT,3,15693,2026-06-07T18:25:12.189835+00:00,1.1393,100.0,CLOSED,False
SIRENUSDT,3,15694,2026-06-07T18:25:31.704456+00:00,1.1375,99.63,CLOSED,True
SIRENUSDT,3,15695,2026-06-07T18:25:51.934615+00:00,1.1393,91.13,CLOSED,True
SIRENUSDT,3,16292,2026-06-08T06:25:13.445406+00:00,1.1798,76.38,CLOSED,False
SIRENUSDT,3,16293,2026-06-08T06:25:34.402724+00:00,1.1764,76.59,CLOSED,True
SIRENUSDT,3,16364,2026-06-08T06:25:54.687732+00:00,1.1704,76.66,CLOSED,True
SKHYNIXUSDT,2,20281,2026-06-10T04:50:34.529045+00:00,1344.16,85.35,CLOSED,False
SKHYNIXUSDT,2,20282,2026-06-10T04:50:54.508598+00:00,1344.98,86.67,CLOSED,True
SKHYNIXUSDT,3,22284,2026-06-11T19:55:16.003307+00:00,1527.41,100.0,CLOSED,False
SKHYNIXUSDT,3,22285,2026-06-11T19:55:35.042213+00:00,1527.79,100.0,CLOSED,True
SKHYNIXUSDT,3,22534,2026-06-11T19:55:53.975574+00:00,1528.26,100.0,CLOSED,True
SKHYNIXUSDT,3,35446,2026-06-20T23:10:16.114060+00:00,1916.3,86.81,CLOSED,False
SKHYNIXUSDT,3,35520,2026-06-20T23:10:35.638120+00:00,1916.11,86.8,CLOSED,True
SKHYNIXUSDT,3,35521,2026-06-20T23:10:55.480777+00:00,1916.11,86.8,CLOSED,True
SKHYNIXUSDT,2,35571,2026-06-20T23:35:35.608330+00:00,1921.23,76.12,CLOSED,False
SKHYNIXUSDT,2,35595,2026-06-20T23:35:55.050317+00:00,1922.29,76.47,CLOSED,True
SKHYNIXUSDT,2,36466,2026-06-21T06:40:17.391638+00:00,1929.15,75.96,CLOSED,False
SKHYNIXUSDT,2,36467,2026-06-21T06:41:02.901042+00:00,1928.88,76.0,CLOSED,True
SKHYNIXUSDT,2,38949,2026-06-27T13:05:29.561188+00:00,1774.29,93.38,CLOSED,False
SKHYNIXUSDT,2,38952,2026-06-27T13:05:49.272807+00:00,1773.85,93.63,CLOSED,True
SKHYNIXUSDT,3,39008,2026-06-28T23:20:10.266528+00:00,1750.65,78.41,OPEN,False
SKHYNIXUSDT,3,39009,2026-06-28T23:20:26.087112+00:00,1750.15,78.43,OPEN,True
SKHYNIXUSDT,3,39023,2026-06-28T23:20:42.041409+00:00,1751.71,78.1,OPEN,True
SKYAIUSDT,3,26619,2026-06-14T02:05:16.769900+00:00,0.36884,87.81,CLOSED,False
SKYAIUSDT,3,26620,2026-06-14T02:05:36.479439+00:00,0.36878,87.82,CLOSED,True
SKYAIUSDT,3,26621,2026-06-14T02:05:55.570183+00:00,0.36926,87.92,CLOSED,True
SKYAIUSDT,3,26622,2026-06-14T02:55:15.291740+00:00,0.37025,88.38,CLOSED,False
SKYAIUSDT,3,26623,2026-06-14T02:55:34.340201+00:00,0.37148,88.84,CLOSED,True
SKYAIUSDT,3,26624,2026-06-14T02:55:54.788797+00:00,0.37079,88.81,CLOSED,True
SLXUSDT,3,38995,2026-06-28T10:25:06.721990+00:00,0.49581,88.2,CLOSED,False
SLXUSDT,3,38996,2026-06-28T10:25:22.344808+00:00,0.49822,88.21,CLOSED,True
SLXUSDT,3,39007,2026-06-28T10:25:38.210075+00:00,0.49686,88.21,CLOSED,True
SLXUSDT,3,39024,2026-06-29T03:05:10.182701+00:00,0.61496,88.14,CLOSED,False
SLXUSDT,3,39025,2026-06-29T03:05:27.790551+00:00,0.61465,89.43,CLOSED,True
SLXUSDT,3,39040,2026-06-29T03:05:46.999325+00:00,0.61469,89.51,CLOSED,True
SOXLUSDT,3,17,2026-05-29T14:55:14.241747+00:00,225.64,90.69,CLOSED,False
SOXLUSDT,3,18,2026-05-29T14:55:36.925459+00:00,226.9,91.1,CLOSED,True
SOXLUSDT,3,19,2026-05-29T14:55:58.448514+00:00,227.46,91.2,CLOSED,True
SOXLUSDT,2,14174,2026-06-04T09:15:43.531103+00:00,243.99,84.19,CLOSED,False
SOXLUSDT,2,14175,2026-06-04T09:16:11.567823+00:00,244.13,84.68,CLOSED,True
SOXLUSDT,3,16742,2026-06-08T13:05:15.382283+00:00,208.98,88.69,CLOSED,False
SOXLUSDT,3,16743,2026-06-08T13:05:35.151420+00:00,209.72,88.34,CLOSED,True
SOXLUSDT,3,16744,2026-06-08T13:05:55.064874+00:00,209.75,88.48,CLOSED,True
SOXLUSDT,3,16871,2026-06-08T15:05:13.856611+00:00,218.02,83.91,CLOSED,False
SOXLUSDT,3,16872,2026-06-08T15:05:33.777352+00:00,218.34,83.94,CLOSED,True
SOXLUSDT,3,16873,2026-06-08T15:05:54.562782+00:00,218.91,83.34,CLOSED,True
SOXLUSDT,3,20278,2026-06-09T14:40:12.269591+00:00,212.53,76.88,CLOSED,False
SOXLUSDT,3,20279,2026-06-09T14:40:32.282317+00:00,212.25,76.89,CLOSED,True
SOXLUSDT,3,20280,2026-06-09T14:40:51.751176+00:00,212.6,77.0,CLOSED,True
SOXLUSDT,2,20283,2026-06-10T12:30:34.137027+00:00,196.68,90.14,CLOSED,False
SOXLUSDT,2,20285,2026-06-10T12:30:55.588959+00:00,196.34,100.0,CLOSED,True
SOXLUSDT,2,20410,2026-06-10T13:50:10.874069+00:00,207.31,92.27,CLOSED,False
SOXLUSDT,2,21410,2026-06-10T13:50:33.370941+00:00,205.98,92.5,CLOSED,True
SOXLUSDT,3,22152,2026-06-11T13:50:25.619391+00:00,202.36,90.06,CLOSED,False
SOXLUSDT,3,22153,2026-06-11T13:50:52.656032+00:00,203.67,90.41,CLOSED,True
SOXLUSDT,3,22155,2026-06-11T13:51:14.779415+00:00,204.63,90.74,CLOSED,True
SOXLUSDT,2,22259,2026-06-11T19:30:30.284876+00:00,223.2,83.89,CLOSED,False
SOXLUSDT,2,22260,2026-06-11T19:30:52.063412+00:00,222.89,84.17,CLOSED,True
SOXLUSDT,3,28746,2026-06-16T06:10:15.304079+00:00,269.0,75.73,CLOSED,False
SOXLUSDT,3,28796,2026-06-16T06:10:34.551444+00:00,269.19,75.75,CLOSED,True
SOXLUSDT,3,28916,2026-06-16T06:10:53.594742+00:00,269.21,75.77,CLOSED,True
SOXLUSDT,3,30544,2026-06-16T13:40:16.709106+00:00,271.37,100.0,CLOSED,False
SOXLUSDT,3,30596,2026-06-16T13:40:41.145622+00:00,272.2,100.0,CLOSED,True
SOXLUSDT,3,32771,2026-06-16T13:41:05.347284+00:00,271.89,100.0,CLOSED,True
SPCXUSDT,3,22235,2026-06-11T15:05:16.418210+00:00,165.17,99.02,CLOSED,False
SPCXUSDT,3,22254,2026-06-11T15:05:35.450136+00:00,165.32,99.15,CLOSED,True
SPCXUSDT,3,22255,2026-06-11T15:05:54.840145+00:00,165.09,99.03,CLOSED,True
SPCXUSDT,3,22935,2026-06-12T05:20:13.111833+00:00,175.23,100.0,CLOSED,False
SPCXUSDT,3,22982,2026-06-12T05:20:34.999758+00:00,175.34,100.0,CLOSED,True
SPCXUSDT,3,22985,2026-06-12T05:20:55.563665+00:00,175.62,100.0,CLOSED,True
SPCXUSDT,2,24083,2026-06-12T12:35:30.612778+00:00,178.95,87.72,CLOSED,False
SPCXUSDT,2,24084,2026-06-12T12:35:49.743197+00:00,179.08,87.93,CLOSED,True
SPCXUSDT,2,24085,2026-06-12T13:50:29.133330+00:00,171.85,81.71,CLOSED,False
SPCXUSDT,2,24184,2026-06-12T13:50:48.352137+00:00,172.43,82.58,CLOSED,True
SPCXUSDT,3,24185,2026-06-12T15:55:09.523340+00:00,167.19,100.0,CLOSED,False
SPCXUSDT,3,24235,2026-06-12T15:55:28.889949+00:00,164.58,100.0,CLOSED,True
SPCXUSDT,3,24285,2026-06-12T15:55:47.933302+00:00,166.16,100.0,CLOSED,True
SPCXUSDT,3,26685,2026-06-14T21:40:15.010131+00:00,168.9,100.0,CLOSED,False
SPCXUSDT,3,26779,2026-06-14T21:40:44.488792+00:00,168.87,100.0,CLOSED,True
SPCXUSDT,3,26785,2026-06-14T21:41:20.510069+00:00,168.9,100.0,CLOSED,True
SPCXUSDT,3,26885,2026-06-15T00:10:15.228515+00:00,167.11,85.55,CLOSED,False
SPCXUSDT,3,26908,2026-06-15T00:10:38.034019+00:00,167.25,86.05,CLOSED,True
SPCXUSDT,3,26909,2026-06-15T00:10:59.913109+00:00,167.44,86.46,CLOSED,True
SPCXUSDT,3,27119,2026-06-15T06:25:14.531864+00:00,170.32,100.0,CLOSED,False
SPCXUSDT,3,27120,2026-06-15T06:25:35.158060+00:00,170.27,100.0,CLOSED,True
SPCXUSDT,3,27121,2026-06-15T06:25:55.337136+00:00,170.29,100.0,CLOSED,True
SPCXUSDT,3,27144,2026-06-15T06:50:15.155215+00:00,170.92,87.77,CLOSED,False
SPCXUSDT,3,27145,2026-06-15T06:50:34.587722+00:00,170.86,87.72,CLOSED,True
SPCXUSDT,3,27146,2026-06-15T06:50:54.140908+00:00,170.87,87.74,CLOSED,True
SPCXUSDT,3,27220,2026-06-15T07:40:14.213464+00:00,172.75,76.65,CLOSED,False
SPCXUSDT,3,27345,2026-06-15T07:40:33.991546+00:00,172.87,77.06,CLOSED,True
SPCXUSDT,3,27418,2026-06-15T07:40:54.880845+00:00,173.01,100.0,CLOSED,True
SPCXUSDT,2,27717,2026-06-15T13:31:46.732493+00:00,174.18,92.54,CLOSED,False
SPCXUSDT,2,27719,2026-06-15T13:33:10.010435+00:00,173.05,100.0,CLOSED,True
SPCXUSDT,2,27721,2026-06-15T13:56:34.530822+00:00,174.73,100.0,CLOSED,False
SPCXUSDT,2,27744,2026-06-15T13:56:55.470270+00:00,174.76,100.0,CLOSED,True
SPCXUSDT,3,28420,2026-06-15T22:40:10.062484+00:00,197.88,100.0,CLOSED,False
SPCXUSDT,3,28545,2026-06-15T22:40:32.431684+00:00,197.9,100.0,CLOSED,True
SPCXUSDT,3,28644,2026-06-15T22:40:52.822156+00:00,197.9,100.0,CLOSED,True
SPCXUSDT,3,28646,2026-06-15T23:05:10.607804+00:00,199.18,100.0,CLOSED,False
SPCXUSDT,3,28687,2026-06-15T23:05:29.769392+00:00,199.28,100.0,CLOSED,True
SPCXUSDT,3,28688,2026-06-15T23:05:48.699070+00:00,199.22,100.0,CLOSED,True
SPCXUSDT,3,28689,2026-06-16T00:20:10.783536+00:00,204.17,100.0,CLOSED,False
SPCXUSDT,3,28690,2026-06-16T00:20:30.868517+00:00,204.17,100.0,CLOSED,True
SPCXUSDT,3,28691,2026-06-16T00:20:51.101032+00:00,204.19,100.0,CLOSED,True
SPCXUSDT,3,28692,2026-06-16T01:10:13.992797+00:00,216.77,76.2,CLOSED,False
SPCXUSDT,3,28694,2026-06-16T01:11:20.257148+00:00,214.0,77.0,CLOSED,True
SPCXUSDT,3,28696,2026-06-16T01:12:30.006628+00:00,216.24,78.34,CLOSED,True
SPCXUSDT,3,30545,2026-06-16T13:40:10.356111+00:00,207.89,100.0,CLOSED,False
SPCXUSDT,3,30671,2026-06-16T13:40:35.707303+00:00,207.76,100.0,CLOSED,True
SPCXUSDT,3,34221,2026-06-16T13:40:59.657174+00:00,208.3,100.0,CLOSED,True
SPCXUSDT,3,38947,2026-06-27T13:05:05.894020+00:00,154.4,87.04,CLOSED,False
SPCXUSDT,3,38950,2026-06-27T13:05:25.356452+00:00,154.42,87.21,CLOSED,True
SPCXUSDT,3,38953,2026-06-27T13:05:45.106297+00:00,154.42,87.07,CLOSED,True
STGUSDT,3,22157,2026-06-11T14:40:13.465561+00:00,0.5102,77.3,CLOSED,False
STGUSDT,3,22159,2026-06-11T14:40:33.190717+00:00,0.5097,77.39,CLOSED,True
STGUSDT,3,22234,2026-06-11T14:40:53.292429+00:00,0.5107,77.57,CLOSED,True
STGUSDT,2,22609,2026-06-11T23:55:12.868379+00:00,0.6746,76.73,CLOSED,False
STGUSDT,2,22859,2026-06-11T23:55:34.126886+00:00,0.671,76.95,CLOSED,True
STGUSDT,3,24008,2026-06-12T06:10:13.491250+00:00,0.6487,77.97,CLOSED,False
STGUSDT,3,24009,2026-06-12T06:10:33.542559+00:00,0.6433,77.98,CLOSED,True
STGUSDT,3,24080,2026-06-12T06:10:52.062807+00:00,0.6438,78.04,CLOSED,True
STGUSDT,3,24385,2026-06-13T01:55:14.226812+00:00,0.5636,76.76,CLOSED,False
STGUSDT,3,24631,2026-06-13T01:55:34.501276+00:00,0.5596,76.67,CLOSED,True
STGUSDT,3,24633,2026-06-13T01:55:54.633757+00:00,0.5617,77.0,CLOSED,True
STGUSDT,3,24910,2026-06-13T08:10:14.576937+00:00,0.4646,81.23,CLOSED,False
STGUSDT,3,25209,2026-06-13T08:10:35.290306+00:00,0.4688,81.59,CLOSED,True
STGUSDT,3,25310,2026-06-13T08:10:56.027967+00:00,0.4715,81.82,CLOSED,True
SYNUSDT,3,35196,2026-06-20T06:55:16.102107+00:00,0.14468,88.41,CLOSED,False
SYNUSDT,3,35220,2026-06-20T06:55:37.920553+00:00,0.14393,88.44,CLOSED,True
SYNUSDT,3,35246,2026-06-20T06:55:59.805987+00:00,0.14407,88.56,CLOSED,True
SYNUSDT,2,36468,2026-06-21T10:49:16.420076+00:00,0.15798,89.67,CLOSED,False
SYNUSDT,2,36469,2026-06-21T10:49:35.869600+00:00,0.15819,89.96,CLOSED,True
SYNUSDT,3,37543,2026-06-22T01:40:17.532675+00:00,0.20939,100.0,CLOSED,False
SYNUSDT,3,37545,2026-06-22T01:40:38.074545+00:00,0.20993,100.0,CLOSED,True
SYNUSDT,3,37546,2026-06-22T01:40:58.269263+00:00,0.20938,100.0,CLOSED,True
SYNUSDT,3,38973,2026-06-27T16:25:11.448593+00:00,0.28556,97.25,CLOSED,False
SYNUSDT,3,38978,2026-06-27T16:25:28.124054+00:00,0.28399,98.02,CLOSED,True
SYNUSDT,3,38984,2026-06-27T16:25:44.630434+00:00,0.27967,98.22,CLOSED,True
SYNUSDT,3,38991,2026-06-27T18:25:10.493951+00:00,0.27483,91.55,CLOSED,False
SYNUSDT,3,39003,2026-06-27T18:25:27.478534+00:00,0.27487,84.55,CLOSED,True
SYNUSDT,3,39004,2026-06-27T18:25:44.011092+00:00,0.27657,84.55,CLOSED,True
TRUMPUSDT,3,24384,2026-06-13T01:55:13.133461+00:00,2.351,91.32,CLOSED,False
TRUMPUSDT,3,24410,2026-06-13T01:55:33.435065+00:00,2.349,91.35,CLOSED,True
TRUMPUSDT,3,24632,2026-06-13T01:55:53.706706+00:00,2.347,91.42,CLOSED,True
TRUMPUSDT,2,26782,2026-06-14T21:40:43.094227+00:00,2.036,90.65,CLOSED,False
TRUMPUSDT,2,26884,2026-06-14T21:41:18.300511+00:00,2.036,90.92,CLOSED,True
TRUMPUSDT,3,27492,2026-06-15T11:25:18.183774+00:00,2.026,90.23,CLOSED,False
TRUMPUSDT,3,27494,2026-06-15T11:25:49.553325+00:00,2.025,90.28,CLOSED,True
TRUMPUSDT,3,27496,2026-06-15T11:26:21.251446+00:00,2.027,90.63,CLOSED,True
TRUMPUSDT,3,37420,2026-06-21T19:50:15.770055+00:00,1.909,90.21,CLOSED,False
TRUMPUSDT,3,37421,2026-06-21T19:50:36.756399+00:00,1.915,100.0,CLOSED,True
TRUMPUSDT,3,37542,2026-06-21T19:50:57.558907+00:00,1.912,100.0,CLOSED,True
VELVETUSDT,3,20310,2026-06-10T13:10:13.320575+00:00,0.33102,99.66,CLOSED,False
VELVETUSDT,3,20333,2026-06-10T13:10:32.467814+00:00,0.32799,99.98,CLOSED,True
VELVETUSDT,3,20334,2026-06-10T13:10:50.956513+00:00,0.32707,100.0,CLOSED,True
VELVETUSDT,3,22034,2026-06-10T14:35:13.618663+00:00,0.43658,84.9,CLOSED,False
VELVETUSDT,3,22143,2026-06-10T14:35:37.222876+00:00,0.43623,84.95,CLOSED,True
VELVETUSDT,3,22146,2026-06-10T14:35:58.644325+00:00,0.4376,85.06,CLOSED,True
VELVETUSDT,3,22147,2026-06-11T06:05:11.957606+00:00,1.07676,88.39,CLOSED,False
VELVETUSDT,3,22148,2026-06-11T06:05:31.473986+00:00,1.08211,88.5,CLOSED,True
VELVETUSDT,3,22149,2026-06-11T06:05:51.340730+00:00,1.07481,88.55,CLOSED,True
VELVETUSDT,3,22156,2026-06-11T14:40:09.987731+00:00,0.89037,86.57,CLOSED,False
VELVETUSDT,3,22158,2026-06-11T14:40:30.134956+00:00,0.88963,86.62,CLOSED,True
VELVETUSDT,3,22160,2026-06-11T14:40:49.897178+00:00,0.89089,86.68,CLOSED,True
VELVETUSDT,3,24380,2026-06-13T00:40:10.005756+00:00,0.51549,87.59,CLOSED,False
VELVETUSDT,3,24381,2026-06-13T00:40:28.931916+00:00,0.51369,87.7,CLOSED,True
VELVETUSDT,3,24382,2026-06-13T00:40:47.451527+00:00,0.51579,87.77,CLOSED,True
VELVETUSDT,3,26628,2026-06-14T04:35:13.632743+00:00,0.4552,87.55,CLOSED,False
VELVETUSDT,3,26629,2026-06-14T04:35:52.104105+00:00,0.4545,87.74,CLOSED,True
VELVETUSDT,3,26630,2026-06-14T04:36:29.954430+00:00,0.4629,88.15,CLOSED,True
VELVETUSDT,3,27568,2026-06-15T12:40:45.022724+00:00,0.3306,91.94,CLOSED,False
VELVETUSDT,3,27570,2026-06-15T12:42:11.185039+00:00,0.3297,92.71,CLOSED,True
VELVETUSDT,3,27716,2026-06-15T12:43:37.375139+00:00,0.3284,93.33,CLOSED,True
WLDUSDT,3,497,2026-05-30T11:10:39.578733+00:00,0.3008,100.0,CLOSED,False
WLDUSDT,3,499,2026-05-30T11:12:00.463635+00:00,0.3,100.0,CLOSED,True
WLDUSDT,3,501,2026-05-30T11:12:57.160365+00:00,0.3004,100.0,CLOSED,True
WLDUSDT,3,724,2026-05-30T13:50:12.905222+00:00,0.3119,100.0,CLOSED,False
WLDUSDT,3,725,2026-05-30T13:50:31.337807+00:00,0.3121,100.0,CLOSED,True
WLDUSDT,3,726,2026-05-30T13:50:50.312138+00:00,0.3125,100.0,CLOSED,True
WLDUSDT,3,1525,2026-05-30T15:50:11.237084+00:00,0.3472,79.2,CLOSED,False
WLDUSDT,3,1526,2026-05-30T15:50:30.336039+00:00,0.3465,79.38,CLOSED,True
WLDUSDT,3,1676,2026-05-30T15:50:48.901537+00:00,0.3468,79.49,CLOSED,True
WLDUSDT,3,1724,2026-05-30T16:10:27.862170+00:00,0.3566,89.87,CLOSED,False
WLDUSDT,3,1725,2026-05-30T16:11:31.067953+00:00,0.3561,90.23,CLOSED,True
WLDUSDT,3,1726,2026-05-30T16:11:50.517181+00:00,0.3572,90.59,CLOSED,True
WLDUSDT,3,1800,2026-05-30T18:50:24.729131+00:00,0.3663,87.74,CLOSED,False
WLDUSDT,3,1801,2026-05-30T18:51:33.296286+00:00,0.3645,88.03,CLOSED,True
WLDUSDT,3,2575,2026-05-30T18:51:50.720644+00:00,0.3654,88.13,CLOSED,True
WLDUSDT,2,14169,2026-06-01T03:21:31.474494+00:00,0.3908,87.15,CLOSED,False
WLDUSDT,2,14170,2026-06-01T03:21:50.024966+00:00,0.3905,87.19,CLOSED,True
WLDUSDT,2,14172,2026-06-03T21:55:09.690168+00:00,0.549,78.37,CLOSED,False
WLDUSDT,2,14173,2026-06-03T21:55:51.855657+00:00,0.5498,78.41,CLOSED,True
WLDUSDT,2,14251,2026-06-07T01:55:09.582489+00:00,0.468,78.89,CLOSED,False
WLDUSDT,2,14301,2026-06-07T01:55:30.872902+00:00,0.4696,79.01,CLOSED,True
WLDUSDT,3,17009,2026-06-08T17:25:12.590020+00:00,0.5124,88.14,CLOSED,False
WLDUSDT,3,17011,2026-06-08T17:25:32.592556+00:00,0.516,79.73,CLOSED,True
WLDUSDT,3,17013,2026-06-08T17:25:52.498057+00:00,0.5164,89.04,CLOSED,True
WLDUSDT,3,17057,2026-06-08T18:05:12.041878+00:00,0.541,87.9,CLOSED,False
WLDUSDT,3,17058,2026-06-08T18:05:31.205375+00:00,0.5437,87.85,CLOSED,True
WLDUSDT,3,17060,2026-06-08T18:05:51.260311+00:00,0.5455,88.33,CLOSED,True
WLDUSDT,3,17082,2026-06-08T18:25:11.781393+00:00,0.5551,89.02,CLOSED,False
WLDUSDT,3,17084,2026-06-08T18:25:30.736728+00:00,0.5548,89.1,CLOSED,True
WLDUSDT,3,17234,2026-06-08T18:25:50.855903+00:00,0.556,89.2,CLOSED,True
WLDUSDT,3,20235,2026-06-09T07:25:10.919029+00:00,0.5226,89.7,CLOSED,False
WLDUSDT,3,20276,2026-06-09T07:25:30.001317+00:00,0.5214,89.75,CLOSED,True
WLDUSDT,3,20277,2026-06-09T07:25:48.256964+00:00,0.5211,89.79,CLOSED,True
WLDUSDT,2,24081,2026-06-12T12:10:31.807816+00:00,0.4794,79.98,CLOSED,False
WLDUSDT,2,24082,2026-06-12T12:10:51.570686+00:00,0.4791,80.09,CLOSED,True
WLDUSDT,3,25533,2026-06-13T21:55:12.602116+00:00,0.51,90.48,CLOSED,False
WLDUSDT,3,25534,2026-06-13T21:55:32.174702+00:00,0.5101,90.55,CLOSED,True
WLDUSDT,3,25535,2026-06-13T21:55:51.582129+00:00,0.5102,90.64,CLOSED,True
WLDUSDT,3,26777,2026-06-14T21:40:12.694278+00:00,0.5137,91.62,CLOSED,False
WLDUSDT,3,26781,2026-06-14T21:40:42.173151+00:00,0.5148,92.37,CLOSED,True
WLDUSDT,3,26784,2026-06-14T21:41:17.031294+00:00,0.5162,100.0,CLOSED,True
WLDUSDT,3,26910,2026-06-15T01:50:12.946609+00:00,0.5605,100.0,CLOSED,False
WLDUSDT,3,26930,2026-06-15T01:50:31.845210+00:00,0.5605,100.0,CLOSED,True
WLDUSDT,3,26931,2026-06-15T01:50:52.335842+00:00,0.5602,100.0,CLOSED,True
WLDUSDT,3,27491,2026-06-15T11:25:12.060251+00:00,0.6243,100.0,CLOSED,False
WLDUSDT,3,27493,2026-06-15T11:25:43.470240+00:00,0.6239,100.0,CLOSED,True
WLDUSDT,3,27495,2026-06-15T11:26:15.179400+00:00,0.623,100.0,CLOSED,True
WLDUSDT,3,28394,2026-06-15T21:50:12.183898+00:00,0.603,86.61,CLOSED,False
WLDUSDT,3,28395,2026-06-15T21:50:31.921738+00:00,0.6036,86.69,CLOSED,True
WLDUSDT,3,28396,2026-06-15T21:50:51.721417+00:00,0.6041,86.63,CLOSED,True
WLDUSDT,3,28917,2026-06-16T07:25:11.593306+00:00,0.6124,89.66,CLOSED,False
WLDUSDT,3,28918,2026-06-16T07:25:31.563980+00:00,0.613,89.89,CLOSED,True
WLDUSDT,3,28919,2026-06-16T07:25:53.621221+00:00,0.6105,90.06,CLOSED,True
WLDUSDT,2,28921,2026-06-16T08:40:12.481129+00:00,0.6561,89.09,CLOSED,False
WLDUSDT,2,28987,2026-06-16T08:40:56.853137+00:00,0.6565,89.61,CLOSED,True
WLDUSDT,3,36470,2026-06-21T11:55:13.403913+00:00,0.5961,80.11,CLOSED,False
WLDUSDT,3,36471,2026-06-21T11:55:34.700641+00:00,0.5963,80.16,CLOSED,True
WLDUSDT,3,36818,2026-06-21T11:55:55.302804+00:00,0.5967,80.2,CLOSED,True
WLDUSDT,3,37046,2026-06-21T14:25:13.259000+00:00,0.6156,82.14,CLOSED,False
WLDUSDT,3,37246,2026-06-21T14:25:34.527613+00:00,0.6152,100.0,CLOSED,True
WLDUSDT,3,37269,2026-06-21T14:25:54.972095+00:00,0.615,100.0,CLOSED,True
WLDUSDT,3,37270,2026-06-21T15:40:12.524560+00:00,0.6477,90.26,CLOSED,False
WLDUSDT,3,37271,2026-06-21T15:40:32.854636+00:00,0.6472,91.26,CLOSED,True
WLDUSDT,3,37371,2026-06-21T15:40:53.761177+00:00,0.646,91.36,CLOSED,True
XLMUSDT,2,7125,2026-05-31T00:30:08.027973+00:00,0.22379,90.41,CLOSED,False
XLMUSDT,2,7126,2026-05-31T00:30:25.733199+00:00,0.225,90.68,CLOSED,True
XLMUSDT,2,16290,2026-06-08T04:25:34.374492+00:00,0.19859,79.8,CLOSED,False
XLMUSDT,2,16291,2026-06-08T04:25:53.697295+00:00,0.19864,79.83,CLOSED,True
XLMUSDT,3,27795,2026-06-15T16:50:33.506624+00:00,0.23245,87.25,CLOSED,False
XLMUSDT,3,27796,2026-06-15T16:51:37.494782+00:00,0.23332,87.62,CLOSED,True
XLMUSDT,3,27896,2026-06-15T16:52:48.473058+00:00,0.2333,88.09,CLOSED,True
XLMUSDT,3,28988,2026-06-16T09:05:14.844960+00:00,0.22447,87.52,CLOSED,False
XLMUSDT,3,28989,2026-06-16T09:05:34.649166+00:00,0.22426,88.51,CLOSED,True
XLMUSDT,3,28990,2026-06-16T09:05:54.387778+00:00,0.22421,88.72,CLOSED,True
XLMUSDT,3,35295,2026-06-20T14:50:17.126640+00:00,0.21584,75.25,CLOSED,False
XLMUSDT,3,35296,2026-06-20T14:50:45.841651+00:00,0.21563,75.42,CLOSED,True
XLMUSDT,3,35319,2026-06-20T14:51:15.052034+00:00,0.21611,75.78,CLOSED,True
XPLUSDT,2,24859,2026-06-13T07:20:14.663832+00:00,0.0865,87.12,CLOSED,False
XPLUSDT,2,24860,2026-06-13T07:20:33.730980+00:00,0.08623,87.32,CLOSED,True
币安人生USDT,3,9325,2026-05-31T14:55:12.372361+00:00,0.57548,86.04,CLOSED,False
币安人生USDT,3,9326,2026-05-31T14:55:30.169155+00:00,0.57533,86.04,CLOSED,True
币安人生USDT,3,9451,2026-05-31T14:55:48.101978+00:00,0.57657,86.03,CLOSED,True
